name,cuisine,category,location,city,price,lat,lng,rating
Aunt Jake's,Italian,Lunch/Dinner|Brunch,Upper East Side,New York City,2,40.7745912,-73.9553677,
Magnolia Bakery,Bakery,Desserts,Greenwich Village|Midtown|Midtown East,New York City,2,40.7358805,-74.0049673,
Laut,Thai|Southeast Asian,Lunch/Dinner,Chelsea,New York City,2,40.7376158,-73.9910302,
Thursday Kitchen,Korean,Drinks|Lunch/Dinner|Date Night,East Village,New York City,2,40.727566,-73.983805,
Olio e Piu,Italian,Lunch/Dinner,Greenwich Village,New York City,2,40.7337945,-73.9997927,
uluh,Chinese,Lunch/Dinner,East Village,New York City,2,40.7293472,-73.9866141,
Balthazar,French,Lunch/Dinner,Soho,New York City,3,40.722668,-73.9982298,
Tacombi,Mexican,Lunch/Dinner|Drinks|Date Night,Nolita|Greenwich Village|Nomad|FiDi,New York City,2,40.724,-73.9938,
Shoo Shoo Nolita,Mediterranean,Brunch,Nolita,New York City,2,40.7200534,-73.9962769,
AweSum Dim Sum,Dim Sum|Chinese,Brunch|To Share,Gramercy|Midtown,New York City,2,40.7388534,-73.9836737,
AweSum Dim Sum,Dim Sum|Chinese,Brunch|To Share,Gramercy|Midtown,New York City,2,40.7551117,-73.9911301,
Wayla,Thai,Lunch/Dinner,LES,New York City,2,40.7182852,-73.9926038,
Somtum Der,Thai,Lunch/Dinner,East Village,New York City,2,40.7252385,-73.984342,
Ruby's Cafe,Australian,Lunch/Dinner|Brunch,Nolita|East Village|Kips Bay,New York City,2,40.7223109,-73.9963226,
San Marzano,Italian,Lunch/Dinner,East Village,New York City,1,40.7279967,-73.9884379,
Clinton St Baking Co.,American,Brunch,LES,New York City,2,40.721264,-73.9838497,
Bar Primi,Italian,Lunch/Dinner|Date Night,East Village,New York City,2,40.7256677,-73.9917285,
Shuka,Mediterranean,Lunch/Dinner|Date Night,South Village,New York City,2,40.7270639,-74.0027877,
Take 31,Korean,Lunch/Dinner,Koreatown,New York City,2,40.7462777,-73.9848246,
Agave,Mexican,Lunch/Dinner|Date Night,Greenwich Village,New York City,2,40.7347326,-74.0023994,
Pardon My French,French,Lunch/Dinner|Date Night,East Village,New York City,3,40.7247571,-73.9811947,
Berimbau Brazilian Kitchen,South American,Lunch/Dinner|Drinks,South Village,New York City,2,40.7301198,-74.0036057,
Chama Mama,Middle Eastern,Lunch/Dinner|Brunch,Chelsea,New York City,2,40.7384413,-73.9988997,
Russ & Daughters Cafe,Bagels|Jewish,Brunch,LES,New York City,2,40.7196181,-73.9895779,
Russ & Daughters,Bagels|Jewish,Quick Bites,LES,New York City,2,40.7225076,-73.9889424,
19 Cleveland,Mediterranean,Brunch,Nolita,New York City,2,40.7215964,-73.9970748,
Banter,Australian,Brunch,South Village,New York City,2,40.7279278,-74.0009847,
The Wild Son,American,Brunch|Drinks,East Village,New York City,2,40.7274064,-73.9851423,
NOMO SOHO,American,Brunch,Soho,New York City,3,40.7198142,-74.0000734,
Baar Baar,Indian,Lunch/Dinner,East Village,New York City,3,40.7244269,-73.9915532,
Joe's Shanghai,Chinese,Lunch/Dinner,Chinatown,New York City,1,40.7156587,-73.9966735,
Prince St. Pizza,Pizza,Quick Bites,Nolita,New York City,1,40.723084,-73.994528,
Tompkins Square Bagels,Bagels,Quick Bites,East Village,New York City,1,40.7306771,-73.9858174,
The Butcher's Daughter,American,Brunch,Nolita|Greenwich Village|Williamsburg,New York City,2,40.7207146,-73.9948374,
Joe's Pizza,Pizza,Quick Bites,South Village|East Village|Midtown,New York City,1,40.7305803,-74.0020956,
Egg Shop,American,Brunch,Nolita|Williamsburg,New York City,2,40.7204333,-73.9951817,
The Rice Noodle,Chinese,Lunch/Dinner|Noodles,South Village,New York City,1,40.7292194,-74.001466,
Jack's Wife Freda,Mediterranean,Brunch,Greenwich Village|Soho,New York City,3,40.7221234,-73.9975099,
Jacob's Pickles,American|Southern,Brunch|Lunch/Dinner,Upper West Side,New York City,2,40.786648,-73.9755259,
Mimi Cheng's Dumplings,Chinese,Quick Bites,Nolita|East Village,New York City,1,40.7307684,-73.9863557,
Mimi Cheng's Dumplings,Chinese,Quick Bites,Nolita|East Village,New York City,1,40.7205237,-73.9969249,
Pinto Garden,Thai,Brunch|Lunch/Dinner|Date Night,Greenwich Village,New York City,2,40.7348667,-73.9994819,
Soothr,Thai,Lunch/Dinner|Drinks|Date Night,East Village,New York City,2,40.7323017,-73.9873417,
Amigo by Nai,Mexican,Lunch/Dinner,East Village,New York City,2,40.7246948,-73.9908769,
Dim Sum Palace,Dim Sum|Chinese,Brunch|Lunch/Dinner|To Share,East Village|Midtown|Hell's Kitchen|Koreatown,New York City,2,40.7258783,-73.989884,
Bar Verde,Mexican|Vegan,Lunch/Dinner,East Village,New York City,2,40.7260641,-73.9897793,
SESTINA,Italian|Vegan,Lunch/Dinner,East Village,New York City,2,40.7261601,-73.9897043,
Saigon Social,Vietnamese,Lunch/Dinner,LES,New York City,2,40.7214626,-73.9882485,
Mr. Taka,Japanese|Ramen,Lunch/Dinner,LES,New York City,2,40.721241,-73.988898,
Gemma,Italian,Lunch/Dinner|Date Night,East Village,New York City,2,40.7261666,-73.9916613,
Ho Foods,Taiwanese,Lunch/Dinner,East Village,New York City,2,40.7262861,-73.9848252,
886,Taiwanese,Lunch/Dinner,East Village,New York City,2,40.7287968,-73.9887127,
Good Thanks,Australian,Brunch,LES,New York City,2,40.7197434,-73.9895105,
Saramsam,Filipino|Vegan,Lunch/Dinner|Date Night,East Village,New York City,3,40.7266894,-73.9844587,
Taqueria Diana,Mexican,Quick Bites,East Village,New York City,1,40.728434,-73.98802,
Pause Cafe,Mediterranean,Cafe|Brunch,LES,New York City,2,40.721219,-73.9840921,
Congee Village,Chinese,Lunch/Dinner,LES,New York City,2,40.718659,-73.990354,
Prince Tea House,Tea,Desserts|Tea,East Village|Soho,New York City,2,40.7190154,-73.9949034,
Charley St,Australian,Brunch,Nolita,New York City,2,40.7209397,-73.9955014,
Dudley's,Australian,Brunch|Lunch/Dinner,LES,New York City,2,40.7180686,-73.9904389,
BoCaphe,Vietnamese,Brunch|Lunch/Dinner,Soho,New York City,2,40.7220507,-73.9975856,
Zooba,Middle Eastern,Quick Bites,Nolita,New York City,1,40.7212933,-73.9973098,
Spicy Moon,Chinese|Vegan,Lunch/Dinner,East Village|Greenwich Village,New York City,1,40.7266901,-73.9872499,
outro,Australian,Brunch,East Village,New York City,2,40.7327739,-73.9909553,
Madam Ji,Indian,Lunch/Dinner|Brunch,Greenwich Village,New York City,2,40.7282047,-73.9995574,
Citizens Of,Australian,Brunch,Greenwich Village|Soho|Chelsea|Gramercy,New York City,2,40.7285617,-73.9997028,
Boqueria,Spanish,Brunch|To Share,Soho|Midtown|Upper East Side,New York City,3,40.7248694,-74.002175,
Tortaria,Mexican,Lunch/Dinner,Greenwich Village,New York City,2,40.73387,-73.99304,
Raku,Japanese|Udon,Lunch/Dinner,South Village|East Village,New York City,2,40.7265503,-73.9867249,
Rasa,Southeast Asian,Lunch/Dinner,Greenwich Village,New York City,2,40.7329711,-73.9976527,
Jajaja,Mexican|Vegan,Lunch/Dinner,South Village|LES,New York City,2,40.7142123,-73.9904025,
Little Owl,American,Brunch,Greenwich Village,New York City,2,40.732398,-74.005318,
Flipsigi,Filipino,Quick Bites,Greenwich Village,New York City,1,40.7344965,-74.0020674,
Golden Unicorn,Dim Sum|Chinese,Brunch|To Share,Chinatown,New York City,2,40.7136857,-73.9971866,
Nom Wah Tea Parlor,Dim Sum|Chinese,Brunch|To Share,Chinatown,New York City,2,40.7144447,-73.998254,
Saigon Shack,Vietnamese,Lunch/Dinner,South Village,New York City,1,40.7296889,-74.000625,
Huertas,Spanish,Lunch/Dinner,East Village,New York City,3,40.7268446,-73.9862162,
Suki,Japanese,Lunch/Dinner,East Village,New York City,2,40.7288216,-73.9889971,
Sabai,Thai,Lunch/Dinner|Date Night,Nomad,New York City,2,40.744299,-73.983664,
Blank Slate Coffee,Coffee,Cafe|Brunch,Nomad,New York City,2,40.7453125,-73.9846013,
Two Hands,Australian,Brunch,Noho|Tribeca|Nolita,New York City,2,40.7196965,-73.9960246,
The Grey Dog,American,Brunch,Greenwich Village|Nolita,New York City,2,40.7229542,-73.9956958,
TacoVision,Mexican,Lunch/Dinner,Midtown East,New York City,2,40.7569163,-73.9678386,
Risotteria Melotti,Italian,Lunch/Dinner,East Village,New York City,2,40.726649,-73.988342,
Goodnight Sonny,Bar,Bar|Drinks,East Village,New York City,2,40.7276202,-73.985094,
Ludlow Coffee Supply,Coffee,Cafe,LES,New York City,1,40.7216825,-73.9873972,
Kona Coffee Co,Coffee,Cafe,East Village,New York City,1,40.7258692,-73.9898686,
MUD,Coffee,Cafe,East Village,New York City,1,40.7291106,-73.9866336,
Maman,Coffee|French,Cafe|Brunch,Greenwich Village|Soho|Upper East Side|Nomad|Tribeca|Hudson Square,New York City,2,40.7202877,-73.9983933,
Urban Backyard,Coffee,Cafe,Nolita,New York City,1,40.7208064,-73.9966015,
Xi'an Famous Foods,Chinese,Quick Bites,Chelsea|Chinatown|Upper East Side,New York City,1,40.7150822,-73.997342,
Harbs,Japanese,Desserts,Soho,New York City,2,40.7264131,-74.0000264,
Levain Bakery,Bakery,Desserts,Noho|Upper East Side,New York City,1,40.7262243,-73.9946887,
Bar Belly,Bar,Bar|Drinks,LES,New York City,2,40.7151381,-73.9916374,
Souvlaki GR,Mediterranean,Lunch/Dinner,LES|Midtown,New York City,2,40.7211257,-73.9871559,
Wah Fung No 1 Fast Food,Chinese,Quick Bites,Chinatown,New York City,1,40.7173189,-73.9944649,
Itaewon Pocha,Korean,Bar|Drinks,Koreatown,New York City,2,40.7477111,-73.9870834,
BCD Tofu House,Korean,Lunch/Dinner,Koreatown,New York City,2,40.7475106,-73.9860627,
Grace Street Cafe,Korean,Desserts|Cafe,Koreatown,New York City,2,40.7477172,-73.9865302,
Gammeeok,Korean,Lunch/Dinner,Koreatown,New York City,2,40.7477152,-73.9860561,
The Alley,Tea,Tea,East Village,New York City,1,40.7295935,-73.990984,
Debutea,Tea,Tea,Greenwich Village,New York City,1,40.729175,-73.9993244,
YiFang Fruit Tea,Tea,Tea,Chinatown|East Village|Kips Bay|Midtown,New York City,1,40.729047,-73.98809,
Refinery Rooftop,Bar,Drinks|Rooftop|Bar,Midtown,New York City,3,40.7522605,-73.985361,
Rosemary's,Italian,Lunch/Dinner|Date Night,Greenwich Village,New York City,2,40.7348368,-73.9998009,
Lola Taverna,Mediterranean,Lunch/Dinner|Date Night,South Village,New York City,2,40.7270494,-74.0031992,
Jaiya,Thai,Lunch/Dinner,Kips Bay,New York City,2,40.742225,-73.980989,
Barn Joo,Korean,Lunch/Dinner,Chelsea,New York City,2,40.736868,-73.990738,
Buenos Aires,South American,Lunch/Dinner,East Village,New York City,3,40.7253096,-73.98341,
Great NY Noodletown,Chinese,Lunch/Dinner,Chinatown,New York City,1,40.7150085,-73.9970518,
Klong,Thai,Lunch/Dinner|Drinks,East Village,New York City,2,40.7295828,-73.9891322,
Xe May Sandwich Shop,Vietnamese,Quick Bites,East Village,New York City,1,40.7272078,-73.9849232,
Veselka,Eastern European,Lunch/Dinner|Brunch,East Village,New York City,2,40.7290155,-73.9871139,
Mr. Purple,Bar,Drinks|Rooftop|Bar,LES,New York City,3,40.721741,-73.988103,
Le Bain,Bar,Drinks|Rooftop|Bar,Meatpacking District,New York City,4,40.740875,-74.0081444,
Laduree,French,Desserts|Brunch,Soho|Upper East Side,New York City,3,40.7242961,-74.0024518,
KENKA,Japanese,Lunch/Dinner,East Village,New York City,1,40.7291388,-73.9884654,
The Granddaddy,Coffee,Cafe,LES,New York City,1,40.7177667,-73.9920389,
Milk & Cream Cereal Bar,Ice Cream,Desserts,Little Italy,New York City,1,40.7195711,-73.9964745,
Keki Modern Cakes,Japanese|Bakery,Desserts,Chinatown|Koreatown,New York City,1,40.7468552,-73.9849861,
Sweet Moment,Korean,Desserts,Little Italy,New York City,2,40.71763,-73.997147,
Simo Pizza,Pizza,Quick Bites,Meatpacking District,New York City,1,40.7392955,-74.0087429,
Boucherie,French,Lunch/Dinner|Desserts|Date Night,Greenwich Village|Gramercy,New York City,3,40.733047,-74.0028772,
Little Cupcake Bakeshop,Bakery,Desserts,Nolita,New York City,1,40.7228991,-73.994847,
Spot Dessert Bar,Asian,Desserts,East Village,New York City,2,40.7293975,-73.988927,
Lazy Llama Coffee Bar,Coffee,Cafe,East Village,New York City,1,40.7235247,-73.9887414,
787 Coffee,Coffee,Cafe,East Village|Gramercy,New York City,1,40.7274023,-73.9888408,
Matto Espresso,Coffee,Cafe,Greenwich Village|FiDi|Midtown|Murray Hill|Upper East Side|Upper West Side|Midtown East,New York City,1,40.730268,-73.993958,
Tonii's Fresh Rice Noodle,Chinese,Quick Bites,Chinatown,New York City,1,40.7156143,-73.998962,
Sobaya,Japanese,Lunch/Dinner|Noodles,East Village,New York City,2,40.7296064,-73.9879383,
Udon West,Japanese|Udon,Lunch/Dinner,East Village,New York City,1,40.7293784,-73.9890747,
JOJU,Vietnamese,Quick Bites,Midtown,New York City,2,40.7556883,-73.9788274,
The Spaniard,Bar|American,Drinks|Lunch/Dinner,South Village,New York City,2,40.7327497,-74.0021829,
Top Thai,Thai,Lunch/Dinner,Greenwich Village,New York City,2,40.7297845,-73.9994477,
Murray's Mac and Cheese,American,Quick Bites,South Village,New York City,1,40.730947,-74.0030587,
CHILI 美麗,Chinese,Drinks|Lunch/Dinner,Midtown,New York City,2,40.7500607,-73.9821266,
Sunday to Sunday,American,Brunch|Cafe,LES,New York City,2,40.7180459,-73.9901863,
The Maze,Korean,Bar|Drinks,Koreatown,New York City,2,40.747606,-73.987256,
Samwon Garden,Korean,Drinks|Lunch/Dinner,Koreatown,New York City,3,40.7481097,-73.9872039,
Five Senses,Korean,Lunch/Dinner,Koreatown,New York City,2,40.747715,-73.986056,
bb.q Chicken,Korean,Quick Bites,Koreatown,New York City,1,40.7479292,-73.986776,
Joe's Steam Rice Roll,Chinese,Quick Bites,Chinatown,New York City,1,40.7190077,-74.0008427,
Epistrophy,Italian,Drinks|Date Night,Nolita,New York City,2,40.721191,-73.995392,
Soho Park,American,Drinks,Soho,New York City,2,40.7236389,-73.9967611,
Pera Soho,Mediterranean,Drinks|Lunch/Dinner,Soho,New York City,2,40.7238167,-74.0033792,
Dominique Ansel,Bakery,Desserts,Soho,New York City,2,40.7252509,-74.0028734,
La Colombe,Coffee,Cafe,Soho|Noho|Midtown|FiDi,New York City,1,40.7280812,-73.9932998,
Bluestone Lane,Australian,Cafe|Brunch,Nolita|South Village|East Village|Greenwich Village|Midtown,New York City,2,40.7301092,-73.9902571,
K'ook,Korean,Lunch/Dinner,East Village,New York City,2,40.7267339,-73.9874331,
Noree Thai Bazaar,Thai,Lunch/Dinner,LES,New York City,2,40.718034,-73.9927672,
Piacere,Italian,Lunch/Dinner,Little Italy,New York City,2,40.719703,-73.9951354,
Asuka Sushi,Japanese|Sushi,Lunch/Dinner,Chelsea,New York City,2,40.7453424,-73.9990165,
The Mercer Kitchen,American,Brunch|Lunch/Dinner|Drinks,Soho,New York City,3,40.7248421,-73.9986494,
Fish Cheeks,Thai|Seafood,Lunch/Dinner,Noho,New York City,2,40.725709,-73.992682,
Taiyaki,Japanese,Desserts,Chinatown,New York City,1,40.7179112,-73.9988653,
Spaghetti Incident,Italian,Lunch/Dinner,LES,New York City,2,40.722402,-73.9899587,
Sonnyboy,Australian,Brunch|Lunch/Dinner,LES,New York City,2,40.7205154,-73.9901841,
Davelle,Japanese,Brunch|Cafe,LES,New York City,2,40.7185385,-73.9860676,
Sweet Chick,American,Quick Bites,LES,New York City,2,40.7217009,-73.9872776,
Macchina,Italian,Lunch/Dinner,Kips Bay,New York City,2,40.7409157,-73.9814139,
Bao Bao Cafe,Asian,Lunch/Dinner,Kips Bay,New York City,1,40.7408627,-73.9835112,
Caffe Buon Gusto,Italian,Lunch/Dinner,Upper East Side,New York City,2,40.7723218,-73.9573756,
Mamasita Bar & Grill,Mexican,Lunch/Dinner,Hell's Kitchen,New York City,2,40.7673678,-73.9895115,
Bibble & Sip,Bakery,Desserts|Quick Bites,Hell's Kitchen|Little Italy,New York City,2,40.7628415,-73.9851781,
Lafayette Grand Cafe,Bakery|French,Lunch/Dinner|Desserts|Cafe|Brunch,Noho,New York City,3,40.7275934,-73.9937017,
Casa La Femme,Middle Eastern,Lunch/Dinner|Date Night,Greenwich Village,New York City,3,40.734147,-74.0080251,
Supermoon Bakehouse,Bakery,Desserts|Cafe,LES,New York City,2,40.7198453,-73.9872386,
Tacombi,Mexican,Lunch/Dinner|Drinks|Date Night,Nolita|Greenwich Village|Nomad|FiDi,New York City,2,40.7311167,-74.002714,
Tacombi,Mexican,Lunch/Dinner|Drinks|Date Night,Nolita|Greenwich Village|Nomad|FiDi,New York City,2,40.7429556,-73.9911351,
Ruby's Cafe,Australian,Lunch/Dinner|Brunch,Nolita|East Village|Kips Bay,New York City,2,40.7310755,-73.9883598,
Joe's Pizza,Pizza,Quick Bites,South Village|East Village|Midtown,New York City,1,40.7332362,-73.9876852,
Joe's Pizza,Pizza,Quick Bites,South Village|East Village|Midtown,New York City,1,40.7546287,-73.9869994,
Jack's Wife Freda,Mediterranean,Brunch,Greenwich Village|Soho,New York City,3,40.7298168,-74.003516,
Prince Tea House,Tea,Desserts|Tea,East Village|Soho,New York City,2,40.7294468,-73.9863997,
Spicy Moon,Chinese|Vegan,Lunch/Dinner,East Village|Greenwich Village,New York City,1,40.7293583,-73.9983012,
Citizens Of,Australian,Brunch,Greenwich Village|Soho|Chelsea|Gramercy,New York City,2,40.7366225,-73.9815203,
Citizens Of,Australian,Brunch,Greenwich Village|Soho|Chelsea|Gramercy,New York City,2,40.7480151,-74.0005534,
Citizens Of,Australian,Brunch,Greenwich Village|Soho|Chelsea|Gramercy,New York City,2,40.721327,-73.9976499,
Jajaja,Mexican|Vegan,Lunch/Dinner,South Village|LES,New York City,2,40.7298848,-74.0046039,
Raku,Japanese|Udon,Lunch/Dinner,South Village|East Village,New York City,2,40.7272479,-74.0025495,
Two Hands,Australian,Brunch,Noho|Tribeca|Nolita,New York City,2,40.7262603,-73.9956844,
Two Hands,Australian,Brunch,Noho|Tribeca|Nolita,New York City,2,40.7177931,-74.0054175,
The Grey Dog,American,Brunch,Greenwich Village|Nolita,New York City,2,40.7337952,-73.993199,
Maman,Coffee|French,Cafe|Brunch,Greenwich Village|Soho|Upper East Side|Nomad|Tribeca|Hudson Square,New York City,2,40.7432672,-73.9901338,
Xi'an Famous Foods,Chinese,Quick Bites,Chelsea|Chinatown|Upper East Side,New York City,1,40.7401615,-74.0019196,
Xi'an Famous Foods,Chinese,Quick Bites,Chelsea|Chinatown|Upper East Side,New York City,1,40.7722166,-73.9558052,
Laduree,French,Desserts|Brunch,Soho|Upper East Side,New York City,3,40.7708058,-73.9663586,
Keki Modern Cakes,Japanese|Bakery,Desserts,Chinatown|Koreatown,New York City,1,40.7164933,-73.998082,
787 Coffee,Coffee,Cafe,East Village|Gramercy,New York City,1,40.7263237,-73.9838523,
Boucherie,French,Lunch/Dinner|Desserts|Date Night,Greenwich Village|Gramercy,New York City,3,40.7372552,-73.9882246,
Boucherie,French,Lunch/Dinner|Desserts|Date Night,Greenwich Village|Midtown|Gramercy,New York City,3,40.7338274,-74.0004206,
Matto Espresso,Coffee,Cafe,Greenwich Village|FiDi|Midtown|Murray Hill|Upper East Side|Upper West Side,New York City,1,40.751606,-73.9836916,
Matto Espresso,Coffee,Cafe,Greenwich Village|FiDi|Midtown|Murray Hill|Upper East Side|Upper West Side,New York City,1,40.7562467,-73.9798031,
Matto Espresso,Coffee,Cafe,Greenwich Village|FiDi|Midtown|Murray Hill|Upper East Side|Upper West Side,New York City,1,40.7502596,-73.9777519,
Matto Espresso,Coffee,Cafe,Greenwich Village|FiDi|Midtown|Murray Hill|Upper East Side|Upper West Side,New York City,1,40.7515735,-73.970671,
Matto Espresso,Coffee,Cafe,Greenwich Village|FiDi|Midtown|Murray Hill|Upper East Side|Upper West Side,New York City,1,40.7094908,-74.0081836,
La Colombe,Coffee,Cafe,Soho|Noho|Midtown|FiDi,New York City,1,40.7239892,-73.9964457,
La Colombe,Coffee,Cafe,Soho|Noho|Midtown|FiDi,New York City,1,40.7257806,-74.0012273,
La Colombe,Coffee,Cafe,Soho|Noho|Midtown|FiDi,New York City,1,40.7198829,-74.0038136,
Bluestone Lane,Australian,Cafe|Brunch,Nolita|South Village|East Village|Greenwich Village|Midtown,New York City,2,40.720655,-73.9946124,
Bluestone Lane,Australian,Cafe|Brunch,Nolita|South Village|East Village|Greenwich Village|Midtown,New York City,2,40.7300129,-74.0028476,
Bluestone Lane,Australian,Cafe|Brunch,Nolita|South Village|East Village|Greenwich Village|Midtown,New York City,2,40.7358132,-74.0008906,
Bluestone Lane,Australian,Cafe|Brunch,Nolita|South Village|East Village|Greenwich Village|Midtown,New York City,2,40.7413439,-73.9863879,
Bibble & Sip,Bakery,Desserts|Quick Bites,Hell's Kitchen|Little Italy,New York City,2,40.7179357,-73.997631,
The Little Shop,Bar,Bar|Drinks|Speakeasy,Seaport,New York City,2,40.7083747,-74.0009552,
Eataly NYC,Italian,Lunch/Dinner,FiDi|Nomad,New York City,2,40.742045,-73.9900845,
Eataly NYC,Italian,Lunch/Dinner,FiDi|Nomad,New York City,2,40.7100647,-74.0119758,
Morgenstern's,Ice Cream,Desserts|Quick Bites,South Village|LES,New York City,1,40.727261,-73.999824,
Morgenstern's,Ice Cream,Desserts|Quick Bites,South Village|LES,New York City,1,40.721583,-73.9930434,
Jane,American,Brunch|Lunch/Dinner,South Village,New York City,2,40.72736768,-74.00025298,
ATLA,Mexican,Lunch/Dinner|Drinks,Noho,New York City,2,40.7272169,-73.9939688,
La Grande Boucherie,French,Lunch/Dinner|Date Night|Drinks,Midtown,New York City,3,40.7626274,-73.9808411,
Petite Boucherie,French,Cafe|Lunch/Dinner|Date Night,Greenwich Village,New York City,2,40.7338251,-74.0004194,
Maman,Coffee|French,Cafe|Brunch,Greenwich Village|Soho|Upper East Side|Nomad|Tribeca|Hudson Square,New York City,2,40.7234207,-74.0088517,
Maman,Coffee|French,Cafe|Brunch,Greenwich Village|Soho|Upper East Side|Nomad|Tribeca|Hudson Square,New York City,2,40.728403,-74.007437,
Maman,Coffee|French,Cafe|Brunch,Greenwich Village|Soho|Upper East Side|Nomad|Tribeca|Hudson Square,New York City,2,40.775544,-73.9567155,
Maman,Coffee|French,Cafe|Brunch,Greenwich Village|Soho|Upper East Side|Nomad|Tribeca|Hudson Square,New York City,2,40.7182525,-74.0082434,
Maman,Coffee|French,Cafe|Brunch,Greenwich Village|Soho|Upper East Side|Nomad|Tribeca|Hudson Square,New York City,2,40.7321442,-73.9958345,
Poco,Spanish,Brunch|Drinks|To Share|Lunch/Dinner,East Village,New York City,2,40.7225107,-73.9829025,
Los Tacos No. 1,Mexican,Quick Bites|Lunch/Dinner,Chelsea|Tribeca|Murray Hill|Midtown,New York City,1,40.7142679,-74.0086752,
Los Tacos No. 1,Mexican,Quick Bites|Lunch/Dinner,Chelsea|Tribeca|Murray Hill|Midtown,New York City,1,40.7573133,-73.9874065,
Los Tacos No. 1,Mexican,Quick Bites|Lunch/Dinner,Chelsea|Tribeca|Murray Hill|Midtown,New York City,1,40.751501,-73.9777457,
Los Tacos No. 1,Mexican,Quick Bites|Lunch/Dinner,Chelsea|Tribeca|Murray Hill|Midtown,New York City,1,40.7422521,-74.0059635,
LOULOU,French,Date Night|Lunch/Dinner|Drinks,Chelsea,New York City,2,40.74262,-74.0000524,
Rosie's,Mexican,Lunch/Dinner|Drinks,East Village,New York City,2,40.7249241,-73.9906202,
Zazzy's Pizza,Pizza,Quick Bites,LES|Greenwich Village,New York City,1,40.7216176,-73.9886293,
Zazzy's Pizza,Pizza,Quick Bites,LES|Greenwich Village,New York City,1,40.7366623,-74.0019457,
Cecconi's,Italian,Lunch/Dinner|Date Night|Drinks,DUMBO,New York City,3,40.7035982,-73.9916626,
Kopitiam,Malaysian,Lunch/Dinner|Cafe|Quick Bites,LES,New York City,1,40.7137994,-73.9909127,
Kind Regards,Bar,Bar|Drinks,LES,New York City,2,40.7208262,-73.9878062,
Electric Burrito,Mexican,Quick Bites,East Village,New York City,1,40.7278725,-73.9854694,
Jeju Noodle Bar,Korean,Lunch/Dinner|Date Night|Noodles,Greenwich Village,New York City,3,40.7329889,-74.0073417,
Mala Project,Chinese,Lunch/Dinner,East Village|Midtown,New York City,2,40.727125,-73.9853556,
Mala Project,Chinese,Lunch/Dinner,East Village|Midtown,New York City,2,40.7569293,-73.9805621,
Sunday in Brooklyn,American,Brunch|Lunch/Dinner|Drinks,Williamsburg,New York City,2,40.7141992,-73.9653462,
The Ready Rooftop,Bar,Bar|Drinks|Rooftop,East Village,New York City,2,40.731521,-73.989466,
Rule of Thirds,Japanese,Lunch/Dinner,Greenpoint,New York City,2,40.7247503,-73.95503,
El Diablito Taqueria,Mexican,Quick Bites,East Village,New York City,1,40.7250658,-73.9891632,
12 Chairs,Mediterranean,Brunch|Lunch/Dinner,South Village|Williamsburg,New York City,2,40.7275314,-74.002288,
12 Chairs,Mediterranean,Brunch|Lunch/Dinner,South Village|Williamsburg,New York City,2,40.7144908,-73.9652118,
Kimika,Japanese|Italian,Lunch/Dinner|Drinks|Date Night,Nolita,New York City,3,40.7205499,-73.9951805,
Tacombi,Mexican,Lunch/Dinner|Drinks|Date Night,Nolita|Greenwich Village|Nomad|FiDi,New York City,2,40.7046445,-74.0118676,
Magnolia Bakery,Bakery,Desserts,Greenwich Village|Midtown|Midtown East,New York City,2,40.7525713,-73.9767735,
Magnolia Bakery,Bakery,Desserts,Greenwich Village|Midtown|Midtown East,New York City,2,40.7581533,-73.9831181,
Sea Wolf,Seafood,Lunch/Dinner|Drinks,Williamsburg|Bushwick,New York City,2,40.7099023,-73.9694234,
Sea Wolf,Seafood,Lunch/Dinner|Drinks,Williamsburg|Bushwick,New York City,2,40.7066974,-73.9256219,
Ruby's Cafe,Australian,Lunch/Dinner|Brunch,Nolita|East Village|Kips Bay,New York City,2,40.7436223,-73.9798881,
The Butcher's Daughter,American,Brunch,Nolita|Greenwich Village|Williamsburg,New York City,2,40.736362,-74.006155,
The Butcher's Daughter,American,Brunch,Nolita|Greenwich Village|Williamsburg,New York City,2,40.7149216,-73.9584941,
Dim Sum Palace,Dim Sum|Chinese,Brunch|Lunch/Dinner|To Share,East Village|Midtown|Hell's Kitchen|Koreatown,New York City,2,40.7485991,-73.9867614,
Dim Sum Palace,Dim Sum|Chinese,Brunch|Lunch/Dinner|To Share,East Village|Midtown|Hell's Kitchen|Koreatown,New York City,2,40.7601962,-73.9893445,
Dim Sum Palace,Dim Sum|Chinese,Brunch|Lunch/Dinner|To Share,East Village|Midtown|Hell's Kitchen|Koreatown,New York City,2,40.762231,-73.9769246,
Egg Shop,American,Brunch,Nolita|Williamsburg,New York City,2,40.7188239,-73.9581152,
Boqueria,Spanish,Brunch|To Share,Soho|Midtown|Upper East Side,New York City,3,40.7554321,-73.9900314,
Boqueria,Spanish,Brunch|To Share,Soho|Midtown|Upper East Side,New York City,3,40.7715096,-73.956073,
Souvlaki GR,Mediterranean,Lunch/Dinner,LES|Midtown,New York City,2,40.7645929,-73.9801477,
Hole in the Wall,Australian,Brunch|Cafe,Flatiron|FiDi|Murray Hill|Williamsburg,New York City,2,40.7084008,-74.0056138,
Hole in the Wall,Australian,Brunch|Cafe,Flatiron|FiDi|Murray Hill|Williamsburg,New York City,2,40.744093,-73.9717762,
Hole in the Wall,Australian,Brunch|Cafe,Flatiron|FiDi|Murray Hill|Williamsburg,New York City,2,40.7432815,-73.991031,
Hole in the Wall,Australian,Brunch|Cafe,Flatiron|FiDi|Murray Hill|Williamsburg,New York City,2,40.7143952,-73.9615832,
Oddfellows,Ice Cream,Desserts|Quick Bites,Williamsburg|DUMBO|Brooklyn Heights,New York City,1,40.7031622,-73.9923469,
Oddfellows,Ice Cream,Desserts|Quick Bites,Williamsburg|DUMBO|Brooklyn Heights,New York City,1,40.7160051,-73.9667905,
Oddfellows,Ice Cream,Desserts|Quick Bites,Williamsburg|DUMBO|Brooklyn Heights,New York City,1,40.6917295,-74.0029205,
Sundaes and Cones,Ice Cream,Desserts|Quick Bites,East Village,New York City,2,40.7309957,-73.9894062,
Arancini Bros,Italian,Quick Bites,LES,New York City,2,40.7182408,-73.988107,
YiFang Fruit Tea,Tea,Tea,Chinatown|East Village|Kips Bay|Midtown,New York City,1,40.7525212,-73.9854479,
YiFang Fruit Tea,Tea,Tea,Chinatown|East Village|Kips Bay|Midtown,New York City,1,40.729047,-73.98809,
YiFang Fruit Tea,Tea,Tea,Chinatown|East Village|Kips Bay|Midtown,New York City,1,40.7403307,-73.9845914,
Dorado,Mexican,Quick Bites|Lunch/Dinner,Greenwich Village,New York City,1,40.7339394,-73.9931345,
Lena,French,Cafe|Drinks|Quick Bites,Greenwich Village|LES,New York City,2,40.719126,-73.991639,
Lena,French,Cafe|Drinks|Quick Bites,Greenwich Village|LES,New York City,2,40.7325078,-73.9967038,
Lao Ma Spicy,Chinese,Lunch/Dinner,Greenwich Village,New York City,2,40.7309128,-73.9934956,
Brooklyn Bagel & Coffee Co,Bagels,Cafe|Quick Bites,Greenwich Village|Chelsea,New York City,2,40.7310311,-73.9931617,
Brooklyn Bagel & Coffee Co,Bagels,Cafe|Quick Bites,Greenwich Village|Chelsea,New York City,2,40.7461674,-73.9976407,
iSouvlaki,Mediterranean,Quick Bites|Lunch/Dinner,East Village,New York City,2,40.7321753,-73.9883101,
Pepe Rosso To Go,Italian,Quick Bites|Lunch/Dinner,South Village,New York City,1,40.7272222,-74.001625,
Junzi Kitchen,Chinese,Quick Bites,South Village|Midtown,New York City,2,40.7286951,-74.0006611,
Junzi Kitchen,Chinese,Quick Bites,South Village|Midtown,New York City,2,40.7261367,-74.0049941,
Pommes Frites,French,Quick Bites,South Village,New York City,1,40.7301222,-74.0002813,
Tipsy Shanghai,Chinese,Lunch/Dinner,Greenwich Village,New York City,2,40.7292608,-73.9987785,
Cafe Leon Dore,Coffee,Cafe,Nolita,New York City,2,40.7221964,-73.9960802,
Misirizzi,Italian,Lunch/Dinner|Date Night,Noho,New York City,2,40.7272011,-73.9922849,
Fried Dumpling,Chinese,Quick Bites,Chinatown,New York City,1,40.7145546,-73.9992711,
Hoy Wong,Chinese,Quick Bites,Chinatown,New York City,1,40.7165931,-73.9980315,
Gammeeok,Korean,Lunch/Dinner,Koreatown,New York City,2,40.7477152,-73.9860561,
Thai Villa,Thai,Lunch/Dinner,Chelsea,New York City,2,40.7389852,-73.9907002,
The Blond,Bar,Bar|Drinks,Soho,New York City,4,40.7192169,-74.0001156,
The Woo,Korean,Lunch/Dinner|Drinks,South Village,New York City,2,40.7252171,-74.0037828,
Fig. 19,Bar,Bar|Drinks|Speakeasy,LES,New York City,2,40.7195451,-73.9936649,
Mister Paradise,Bar,Bar|Drinks,East Village,New York City,2,40.7267727,-73.986222,
Katz's Delicatessen,Jewish,Lunch/Dinner|Quick Bites,LES,New York City,2,40.722233,-73.987429,
Dim Sum Chelsea,Chinese|Dim Sum,Lunch/Dinner|Brunch,Chelsea,New York City,2,40.7446121,-73.998629,
Felix Roasting Co.,Coffee,Cafe,Soho,New York City,2,40.7243894,-73.9996615,
Astor Plate,American,Cafe|Quick Bites,Noho,New York City,1,40.7294833,-73.9911523,
GITANO,Mexican,Lunch/Dinner|Drinks|Bar|Date Night,South Village,New York City,3,40.7228793,-74.005826,
Blue Stripes Cacao,Coffee|Bakery,Desserts|Quick Bites|Cafe,Greenwich Village,New York City,2,40.7346342,-73.992897,
230 Fifth Rooftop,Bar,Bar|Drinks|Rooftop,Nomad,New York City,2,40.744002,-73.9880767,
Rubirosa,Italian,Lunch/Dinner,Nolita,New York City,2,40.7227471,-73.9962025,
Gelso and Grand,Italian,Lunch/Dinner,Little Italy,New York City,2,40.7195839,-73.9973403,
The Roof at PUBLIC,Bar,Bar|Drinks|Rooftop,LES,New York City,3,40.7228758,-73.9918508,
MONO+MONO,Korean,Lunch/Dinner|Drinks|Date Night,East Village,New York City,2,40.7254016,-73.9881049,
Merriweather Coffee + Kitchen,Australian,Cafe|Brunch|Quick Bites,Greenwich Village,New York City,2,40.7305602,-74.0065341,
Lil Frankie's,Italian,Lunch/Dinner|Drinks,East Village,New York City,2,40.7236464,-73.9884794,
A Pasta Bar,Italian,Lunch/Dinner,Soho,New York City,2,40.7223733,-74.0039913,
Raclette,French,Lunch/Dinner,East Village,New York City,2,40.7289261,-73.9806299,
Round K by Sol,Coffee,Brunch|Cafe,Chinatown,New York City,2,40.7150818,-73.9931521,
Remi Flower & Coffee,Coffee,Cafe|Quick Bites,Murray Hill|Midtown East,New York City,2,40.7535755,-73.9702924,
Remi Flower & Coffee,Coffee,Cafe|Quick Bites,Murray Hill|Midtown East,New York City,2,40.7508628,-73.9732778,
Butler,American|Coffee,Brunch|Cafe|Desserts,DUMBO|Williamsburg|Soho,New York City,2,40.7035615,-73.9925098,
Butler,American|Coffee,Brunch|Cafe|Desserts,DUMBO|Williamsburg|Soho,New York City,2,40.711249,-73.9661513,
Butler,American|Coffee,Brunch|Cafe|Desserts,DUMBO|Williamsburg|Soho,New York City,2,40.720785,-73.9992466,
Butler,American|Coffee,Brunch|Cafe|Desserts,DUMBO|Williamsburg|Soho,New York City,2,40.7199467,-73.9612837,
Mokyo,Korean,Lunch/Dinner,East Village,New York City,3,40.7271382,-73.9839549,
% ARABICA,Coffee,Cafe,DUMBO,New York City,2,40.7024312,-73.9941401,
Kobrick Coffee Co.,Coffee,Cafe|Drinks,Meatpacking District,New York City,2,40.7403278,-74.0055889,
Cutlets Sandwich Co.,American,Quick Bites,Midtown|Williamsburg,New York City,2,40.7222385,-73.9579522,
Cutlets Sandwich Co.,American,Quick Bites,Midtown|Williamsburg,New York City,2,40.752121,-73.9929004,
Catch NYC,Seafood|Bar,Bar|Rooftop|Lunch/Dinner|Drinks,Meatpacking District,New York City,3,40.7402172,-74.0062995,
Veranda,American,Lunch/Dinner|Date Night|Drinks,South Village,New York City,3,40.7228013,-74.004827,
Forsythia,Italian,Lunch/Dinner|Date Night|Drinks,LES,New York City,2,40.7225352,-73.9924919,
Very Fresh Noodles,Chinese,Quick Bites|Lunch/Dinner|Noodles,Chelsea,New York City,2,40.7420723,-74.0056454,
Ralph's Coffee,Coffee,Cafe,Chelsea|Midtown|Upper East Side,New York City,2,40.7716586,-73.9657658,
Ralph's Coffee,Coffee,Cafe,Chelsea|Midtown|Upper East Side,New York City,2,40.7401079,-73.9908573,
Ralph's Coffee,Coffee,Cafe,Chelsea|Midtown|Upper East Side,New York City,2,40.7589962,-73.9772973,
Dim Sum Go Go,Chinese|Dim Sum,To Share|Lunch/Dinner|Brunch,Chinatown,New York City,2,40.7132926,-73.9977449,
5ive Spice Taco & Banh Mi,Vietnamese,Lunch/Dinner,Nolita|Park Slope,New York City,1,40.7225117,-73.9965196,
5ive Spice Taco & Banh Mi,Vietnamese,Lunch/Dinner,Nolita|Park Slope,New York City,1,40.6814473,-73.979433,
Cafe China,Chinese,Lunch/Dinner,Midtown,New York City,2,40.7516966,-73.9857422,
HOWM Cocina & Cocktails,Latin American,Bar|Brunch|To Share|Drinks,Chelsea,New York City,2,40.7505506,-74.003378,
Gallow Green,American|Bar,Bar|Brunch|Lunch/Dinner|Rooftop|Drinks,Chelsea,New York City,3,40.7508409,-74.0040482,
Kogane Ramen,Japanese|Ramen,Lunch/Dinner|Drinks,Chelsea,New York City,2,40.7406794,-74.0043019,
Marian's,American,Brunch|Drinks|Date Night,Greenwich Village,New York City,2,40.7349369,-73.9998638,
Wan Wan,Thai,Lunch/Dinner|Drinks|Date Night|Noodles,Nolita,New York City,2,40.7217899,-73.99648360000000,
Yellow Rose,Mexican|Tex-Mex,Brunch|Drinks|Lunch/Dinner,East Village,New York City,2,40.7325214,-73.9879752,
Win Son Bakery,Bakery|Taiwanese|American,Cafe|Brunch|Quick Bites,East Williamsburg,New York City,2,40.7073305,-73.9437652,
Everyman Espresso,Coffee,Cafe,East Village|Park Slope,New York City,1,40.732713,-73.9883255,
Everyman Espresso,Coffee,Cafe,East Village|Park Slope,New York City,1,40.6780116,-73.9807621,
Mr. Bao,Chinese|Dim Sum,Brunch|Lunch/Dinner,Williamsburg|Park Slope,New York City,1,40.7171302,-73.9598341,
Mr. Bao,Chinese|Dim Sum,Brunch|Lunch/Dinner,Williamsburg|Park Slope,New York City,1,40.6772802,-73.980684,
Glur Thai,Thai,Lunch/Dinner,Chelsea,New York City,2,40.7412358,-73.996698,
Café-Flor,Coffee|Bar,Cafe|Drinks|Date Night,Chelsea,New York City,2,40.7440349,-73.9991091,
Fandi Mata,Mediterranean,Lunch/Dinner|Drinks|Date Night,Williamsburg,New York City,2,40.7188471,-73.94925310000000,
Birds of a Feather,Chinese,Lunch/Dinner|To Share,Williamsburg,New York City,2,40.7143138,-73.9605369,
SEY Coffee,Coffee,Cafe,East Williamsburg,New York City,1,40.7056785,-73.9343132,
Urban Hawker,Southeast Asian,Lunch/Dinner|Quick Bites,Midtown,New York City,2,40.7607349,-73.98201570000000,
Pig and Khao,Southeast Asian,Lunch/Dinner|Drinks|To Share,LES,New York City,2,40.7192889,-73.9848028,
Jua,Korean,Lunch/Dinner|Date Night|Drinks,Flatiron,New York City,4,40.7396779,-73.9878514,
Singlish,Southeast Asian|Bar,Drinks|Speakeasy,Greenwich Village,New York City,2,40.7350035,-73.9930171,
Ichiran,Japanese|Ramen,Noodles|Lunch/Dinner,Midtown|Nomad|East Williamsburg,New York City,2,40.748267,-73.990714,
Ichiran,Japanese,Noodles|Lunch/Dinner,Midtown|Nomad|East Williamsburg,New York City,2,40.76005750000000,-73.9833246,
Ichiran,Japanese,Noodles|Lunch/Dinner,Midtown|Nomad|East Williamsburg,New York City,2,40.7077984,-73.935038,
Semicolon Cafe,Korean,Cafe|Brunch,Kips Bay,New York City,2,40.74621,-73.97810200000000,
Super Taste,Chinese,Lunch/Dinner|Quick Bites,Chinatown,New York City,1,40.7150901,-73.9934193,
Hao Noodle,Chinese,Noodles|Lunch/Dinner,Chelsea|Greenwich Village,New York City,2,40.7335054,-74.0000259,
Hao Noodle,Chinese,Noodles|Lunch/Dinner,Chelsea|Greenwich Village,New York City,2,40.7407336,-74.00432840000000,
Jungle Bird,Bar,Drinks,Chelsea,New York City,2,40.7426191,-74.000225,
Ole & Steen,Bakery|Danish,Cafe|Brunch,Midtown East|Midtown|Flatiron,New York City,2,40.7380453,-73.9902233,
Ole & Steen,Bakery|Danish,Cafe|Brunch,Midtown East|Midtown|Flatiron,New York City,2,40.7533193,-73.9848854,
Ole & Steen,Bakery|Danish,Cafe|Brunch,Midtown East|Midtown|Flatiron,New York City,2,40.7553792,-73.9733321,
LB,Bar,Speakeasy|Drinks|Date Night,Greenwich Village,New York City,3,40.7301039,-74.005016,
Tiki Chick,Bar|American,Brunch|Drinks,Upper West Side,New York City,2,40.7867783,-73.9754588,
Lysée,French|Korean,Desserts,Flatiron,New York City,2,40.7391283,-73.9881953,
L'Artusi,Italian,Lunch/Dinner|Drinks,Greenwich Village,New York City,3,40.7338469,-74.00518870000000,
Szechuan Mountain House,Chinese,Lunch/Dinner,East Village,New York City,2,40.7291176,-73.9885834,
Pranakhon,Thai,Lunch/Dinner|Drinks,Greenwich Village,New York City,2,40.733751,-73.9932623,
Smør,Scandinavian,Cafe|Brunch|Drinks|Lunch/Dinner,East Village,New York City,2,40.7292953,-73.98153570000000,
Dumpling N' Dips,Dim Sum|Asian,Lunch/Dinner|Quick Bites|To Share,East Village,New York City,1,40.7294544,-73.9893159,
FERNS,American,Brunch|Drinks|Lunch/Dinner,East Village,New York City,2,40.728828,-73.984082,
YUBU,Korean,Quick Bites,East Village|South Village,New York City,1,40.72703570000000,-73.986148,
YUBU,Korean,Quick Bites,East Village|South Village,New York City,1,40.7226579,-74.0051181,
KYU NYC,Asian,Lunch/Dinner|Drinks|To Share,Noho,New York City,3,40.7256063,-73.99526140000000,
Oh K-Dog,Korean,Quick Bites,East Village|LES|Greenwich Village|Hell's Kitchen,New York City,1,40.72103330000000,-73.98799200000000,
Oh K-Dog,Korean,Quick Bites,East Village|LES|Greenwich Village|Hell's Kitchen,New York City,1,40.7682479,-73.985727,
Oh K-Dog,Korean,Quick Bites,East Village|LES|Greenwich Village|Hell's Kitchen,New York City,1,40.73198990000000,-74.0039956,
Oh K-Dog,Korean,Quick Bites,East Village|LES|Greenwich Village|Hell's Kitchen,New York City,1,40.7285063,-73.9880763,
Oscar Wilde,Bar|American,Lunch/Dinner|Drinks,Nomad,New York City,2,40.7451638,-73.99007210000000,4
Frenchette,French,Brunch|Lunch/Dinner,Tribeca,New York City,4,40.7196527,-74.0057782,4
10000 Coffee,Coffee,Cafe,Midtown,New York City,2,40.7532395,-73.9869855,4.3
Rhythm Zero,Coffee,Cafe,Greenpoint,New York City,2,40.73017890000000,-73.9599985,4.3
Eavesdrop,Bar,Drinks,Greenpoint,New York City,2,40.724922,-73.95115950000000,5
La Cabra,Coffee|Scandinavian,Cafe|Quick Bites,East Village,New York City,2,40.7294497,-73.9868446,4.6
Sushi by M,Japanese|Sushi,Lunch/Dinner,East Village,New York City,4,40.72663,-73.98883420000000,4.5
Shu Jiao Fu Zhou,Chinese,Lunch/Dinner,LES,New York City,1,40.7174109,-73.9920876,4
Chop-Shop,Asian,Lunch/Dinner,Chelsea,New York City,2,40.7487404,-74.0032008,4
Pies n Thighs,Southern,Lunch/Dinner|Brunch|Desserts,Williamsburg,New York City,2,40.71117840000000,-73.9613777,4.3
baba cool,American,Brunch|Cafe|Lunch/Dinner,Williamsburg|Fort Greene,New York City,2,40.6869841,-73.97535720000000,4.2
baba cool,American,Brunch|Cafe|Lunch/Dinner,Williamsburg|Fort Greene,New York City,2,40.717003,-73.95074,4.2
Antidote,Chinese,Drinks|Lunch/Dinner|Date Night,Williamsburg,New York City,2,40.7142531,-73.9654481,4.3
Public Records,Bar|Vegan,Drinks|Lunch/Dinner,Boerum Hill,New York City,2,40.682213,-73.986571,4.6
Have a Bagel,Bagels,Quick Bites,Williamsburg,New York City,1,40.71,-73.95833330000000,4
Caffe Valencia,Coffee,Cafe|Brunch,Williamsburg,New York City,2,40.7148907,-73.9628109,4
Noods n Chill,Thai,Lunch/Dinner,Williamsburg,New York City,2,40.7119456,-73.96119090000000,4.1
For All Things Good,Mexican,Drinks|Brunch|Lunch/Dinner,Williamsburg|Bed-Stuy,New York City,2,40.6876312,-73.9568299,4.3
For All Things Good,Mexican,Drinks|Brunch|Lunch/Dinner,Williamsburg|Bed-Stuy,New York City,2,40.7126626,-73.95706300000000,4.3
Beck and Call,Coffee,Brunch|Cafe,Williamsburg,New York City,2,40.71394800000000,-73.95618670000000,4.3
Lord's,English,Dinner,South Village,New York City,3,40.7277403,-73.9995539,4
The Ivory Peacock,Bar,Drinks|Date Night|Speakeasy,Nomad,New York City,2,40.7442721,-73.9907621,4.2
TONCHIN,Japanese|Ramen,Lunch/Dinner|Drinks|Date Night,Midtown|Williamsburg,New York City,2,40.7505253,-73.9845901,4.7
TONCHIN,Japanese|Ramen,Lunch/Dinner|Drinks|Date Night,Midtown|Williamsburg,New York City,2,40.7168123,-73.961825,4.7
JuneShine,Bar,Drinks,Williamsburg,New York City,2,40.71917700000000,-73.958643,4.4
Land to Sea,Chinese|Coffee,Cafe|Quick Bites,Williamsburg,New York City,2,40.7168333,-73.9446112,4.2
Lella Alimentari,Italian,Cafe|Brunch|Quick Bites,Williamsburg,New York City,1,40.7151462,-73.9464587,4
BUDDIES COFFEE,Coffee,Cafe,Williamsburg,New York City,1,40.714647,-73.96229320000000,3.8
Fan Fried Rice Bar,Taiwanese,Dinner,Williamsburg,New York City,2,40.7126762,-73.960731,4
Chalong,Thai,Lunch/Dinner|To Share|Date Night,Hell's Kitchen,New York City,2,40.7639556,-73.98899450000000,4.7
Shabu Tatsu,Japanese,Dinner|Drinks|To Share,East Village,New York City,3,40.7292211,-73.98588630000000,4.5
Dongwon Sushi & Tuna,Japanese|Korean|Sushi,Lunch/Dinner|To Share,Flushing,New York City,3,40.7608008,-73.8036982,4.9
Carlota,Spanish,Drinks|To Share|Dinner,LES,New York City,2,40.7150191,-73.9916861,4.4
Wayan,French|Indonesian,Brunch|Lunch/Dinner|Date Night|Drinks|To Share,Nolita,New York City,3,40.7213692,-73.9950855,4.8
Skin Contact,Bar|Wine,Drinks|Date Night,LES,New York City,2,40.7177227,-73.99034090000000,4.6
Hana Noodle Station,Chinese,Lunch/Dinner|Noodles,Downtown Brooklyn,New York City,2,40.6909009,-73.9829561,4
Gugu Room,Filipino|Asian,Lunch/Dinner|To Share|Drinks|Date Night,LES,New York City,2,40.7201117,-73.9893269,4.4
K'far,Israeli,Lunch/Dinner|Brunch|Drinks|Date Night|To Share,Williamsburg,New York City,2,40.720824,-73.9588933,4.5
Nura,Indian|American,Brunch|Lunch/Dinner|Drinks|Date Night,Greenpoint,New York City,2,40.7247417,-73.9535161,4.7
Forma Pasta Factory,Italian,Lunch/Dinner|Drinks,Fort Greene|Williamsburg,New York City,2,40.7238243,-73.9521094,4.5
Forma Pasta Factory,Italian,Lunch/Dinner|Drinks,Fort Greene|Williamsburg,New York City,2,40.6859589,-73.9735322,4.5
Hotel Delmano,Bar,Drinks,Williamsburg,New York City,2,40.7197228,-73.9580217,4.5
C as in Charlie,Korean|Southern,Dinner|To Share,Noho,New York City,2,40.725464,-73.9927074,4.9
Sylvia's,Southern,Lunch/Dinner|Drinks|Brunch,Harlem,New York City,2,40.8086445,-73.944479,4
L'Appartement 4F,Bakery,Quick Bites,Brooklyn Heights,New York City,2,40.6952051,-73.9947842,4.2
Oh Boy Brooklyn,American,Brunch|Lunch/Dinner|Cafe,Williamsburg,New York City,2,40.713958,-73.956216,4.5
PPL,Coffee,Cafe,Williamsburg,New York City,2,40.7128558,-73.95846320000000,4.5
Ci Siamo,Italian,Lunch/Dinner|Drinks|Date Night,Hudson Yards,New York City,3,40.7526152,-73.9989141,4.3
Kaiten Zushi,Sushi|Japanese,Lunch/Dinner,Nomad,New York City,2,40.7459698,-73.9869095,4
Chez Moi,French,Brunch|Dinner|Drinks,Cobble Hill,New York City,3,40.6907574,-73.99563720000000,4.2
Le Crocodile,French|Bar,Drinks|Brunch|Lunch/Dinner|Date Night,Williamsburg,New York City,3,40.721964,-73.9580438,4.6
Mymy,American,Brunch,Nob Hill,San Francisco,2,37.7909126,-122.4192199,4.0
farm : table,American,Brunch,Lower Nob Hill,San Francisco,2,37.7876956,-122.4143293,4.0
House of Thai,Thai,Lunch/Dinner,Lower Nob Hill,San Francisco,2,37.78628460000000,-122.4183384,3.9
Salt & Straw,Ice Cream,Desserts|Quick Bites,Hayes Valley|Pacific Heights,San Francisco,1,37.776618,-122.4260455,3.8
Salt & Straw,Ice Cream,Desserts|Quick Bites,Hayes Valley|Pacific Heights,San Francisco,1,37.789978,-122.4342041,3.8
Jane The Bakery,American,Bakery|Brunch|Cafe,Polk Gulch|Pacific Heights|Western Addition,San Francisco,2,37.7837438,-122.4342764,4.0
Jane on Larkin,American,Brunch|Cafe,Polk Gulch|Pacific Heights|Western Addition,San Francisco,2,37.7864605,-122.4183232,4.0
Jane on Fillmore,American,Brunch|Cafe,Polk Gulch|Pacific Heights|Western Addition,San Francisco,2,37.7893607,-122.4341389,4.0
Tropisueno,Mexican,Lunch/Dinner|Drinks,Yerba Buena,San Francisco,2,37.7853583,-122.40405,3.7
Tartine Manufactory,American,Brunch|Cafe,Mission,San Francisco,2,37.7618278,-122.4118972,4.1
El Techo,Mexican,Bar|Drinks|Rooftop,Mission,San Francisco,2,37.756576,-122.4190831,3.5
Doppio Zero,Italian,Lunch/Dinner,Hayes Valley,San Francisco,2,37.7767846,-122.4227688,3.7
Lers Ros Thai,Thai,Lunch/Dinner,Hayes Valley,San Francisco,2,37.7769044,-122.4217422,4.0
Souvla,Mediterranean,Quick Bites|Lunch/Dinner,Hayes Valley|Marina/Cow Hollow|Nopa|Mission,San Francisco,2,37.7608327,-122.4216879,4.1
Souvla,Mediterranean,Quick Bites|Lunch/Dinner,Hayes Valley|Marina/Cow Hollow|Nopa|Mission,San Francisco,2,37.776525,-122.4250028,4.1
Souvla,Mediterranean,Quick Bites|Lunch/Dinner,Hayes Valley|Marina/Cow Hollow|Nopa|Mission,San Francisco,2,37.7745311,-122.4378602,4.1
Souvla,Mediterranean,Quick Bites|Lunch/Dinner,Hayes Valley|Marina/Cow Hollow|Nopa|Mission,San Francisco,2,37.8003688,-122.4408124,4.1
DragonEats,Vietnamese,Lunch/Dinner|Quick Bites,Hayes Valley|Rincon Hill|Haight-Ashbury,San Francisco,1,37.7863714,-122.3953302,4.0
DragonEats,Vietnamese,Lunch/Dinner|Quick Bites,Hayes Valley|Rincon Hill|Haight-Ashbury,San Francisco,1,37.7783681,-122.4231481,4.0
DragonEats,Vietnamese,Lunch/Dinner|Quick Bites,Hayes Valley|Rincon Hill|Haight-Ashbury,San Francisco,1,37.769494,-122.4501104,4.0
Pazzia Ristorante Italiano,Italian,Lunch/Dinner,Yerba Buena,San Francisco,2,37.7834179,-122.3980356,3.8
Son & Garden,American,Brunch|Drinks|Lunch/Dinner,Tenderloin,San Francisco,2,37.783379,-122.419113,3.8
Waterbar,Seafood,Lunch/Dinner,Embarcadero,San Francisco,3,37.7904926,-122.3890417,3.7
Phonobar,Bar,Bar|Drinks,Hayes Valley,San Francisco,2,37.7779933,-122.4228274,4.4
Bi-Rite Creamery,Ice Cream,Desserts|Quick Bites,Mission,San Francisco,1,37.76159,-122.425717,4.0
Wise Sons Jewish Deli,Jewish,Brunch|Quick Bites,Hayes Valley|Western Addition|Embarcadero|Yerba Buena|Mission,San Francisco,2,37.752634,-122.41536,3.8
Wise Sons Jewish Deli,Jewish,Brunch|Quick Bites,Hayes Valley|Western Addition|Embarcadero|Yerba Buena|Mission,San Francisco,2,37.786069,-122.403616,3.8
Wise Sons Jewish Deli,Jewish,Brunch|Quick Bites,Hayes Valley|Western Addition|Embarcadero|Yerba Buena|Mission,San Francisco,2,37.7946553,-122.3929555,3.8
Wise Sons Jewish Deli,Jewish,Brunch|Quick Bites,Hayes Valley|Western Addition|Embarcadero|Yerba Buena|Mission,San Francisco,2,37.783668,-122.432497,3.8
Wise Sons Jewish Deli,Jewish,Brunch|Quick Bites,Hayes Valley|Western Addition|Embarcadero|Yerba Buena|Mission,San Francisco,2,37.7767789,-122.4257372,3.8
Lady Falcon Coffee Club,Coffee,Cafe,Alamo Square,San Francisco,1,37.776091,-122.4340294,4.0
a Mano,Italian,Lunch/Dinner|Drinks,Hayes Valley,San Francisco,2,37.7768993,-122.4240297,4.0
Sightglass Coffee,Coffee,Cafe|Brunch,Lower Haight|Soma|Mission,San Francisco,2,37.7592345,-122.4113171,4.0
Sightglass Coffee,Coffee,Cafe|Brunch,Lower Haight|Soma|Mission,San Francisco,2,37.7770356,-122.4084543,4.0
Sightglass Coffee,Coffee,Cafe|Brunch,Lower Haight|Soma|Mission,San Francisco,2,37.771388,-122.4391158,4.0
Ritual Coffee Roasters,Coffee,Cafe,Hayes Valley|Haight-Ashbury|Mission,San Francisco,2,37.7564253,-122.4214111,3.8
Ritual Coffee Roasters,Coffee,Cafe,Hayes Valley|Haight-Ashbury|Mission,San Francisco,2,37.7763909,-122.4241939,3.8
Ritual Coffee Roasters,Coffee,Cafe,Hayes Valley|Haight-Ashbury|Mission,San Francisco,2,37.7705531,-122.4438393,3.8
Chez Maman,French,Lunch/Dinner|Date Night,Potrero Hill|Hayes Valley,San Francisco,2,37.7624483,-122.3967107,4.2
Chez Maman,French,Lunch/Dinner|Date Night,Potrero Hill|Hayes Valley,San Francisco,2,37.7770405,-122.4231768,4.2
Nojo Ramen Tavern,Japanese|Ramen,Lunch/Dinner|Drinks,Hayes Valley,San Francisco,2,37.7767268,-122.4214764,4.3
Pagan Idol,Bar,Bar|Drinks,Fidi,San Francisco,2,37.7907439,-122.4036859,4.0
Udon Mugizo,Japanese|Udon,Lunch/Dinner,Japantown,San Francisco,2,37.7849587,-122.4321287,4.0
Kevin's Noodle House,Vietnamese,Lunch/Dinner|Noodles,Outer Sunset,San Francisco,1,37.7633596,-122.4777946,4.0
Papito,Mexican,Lunch/Dinner|Drinks,Hayes Valley|Potrero Hill,San Francisco,2,37.7767098,-122.4234085,4.0
Papito,Mexican,Lunch/Dinner|Drinks,Hayes Valley|Potrero Hill,San Francisco,2,37.7624549,-122.3971221,4.0
Novela,Bar,Bar|Drinks,Yerba Buena,San Francisco,2,37.787097,-122.40136,4.2
Stable Cafe,American,Cafe|Brunch,Mission,San Francisco,2,37.763225,-122.4153583,4.4
Abanico Coffee Roasters,Coffee,Cafe,Mission,San Francisco,2,37.7629894,-122.4192999,4.0
Mr. Tipple's Recording Studio,Bar,Bar|Drinks,Civic Center,San Francisco,2,37.7763698,-122.4185846,4.0
Urban Ritual Cafe,Tea,Tea,Hayes Valley,San Francisco,2,37.7757014,-122.4258572,4.1
Dumpling Time,Chinese|Dim Sum,Lunch/Dinner|To Share,Design District|Mission Bay,San Francisco,2,37.7696917,-122.4023889,3.8
Dumpling Time,Chinese|Dim Sum,Lunch/Dinner|To Share,Design District|Mission Bay,San Francisco,2,37.7675886,-122.3887964,3.8
Farmhouse Kitchen Thai Cuisine,Thai,Lunch/Dinner,Mission,San Francisco,2,37.7601894,-122.4114198,4.0
Ozumo,Japanese,Lunch/Dinner|Drinks,Embarcadero,San Francisco,3,37.7926439,-122.3922179,4.3
Marafuku Ramen,Japanese|Ramen,Lunch/Dinner,Japantown,San Francisco,2,37.7851757,-122.4320003,3.8
Daeho,Korean,Lunch/Dinner|Drinks,Japantown,San Francisco,2,37.78588270000000,-122.4285535,4.4
Cafe Reveille,American,Cafe|Brunch,Lower Haight|Mission Bay|Polk Gulch,San Francisco,2,37.7710697,-122.4320952,4.3
Cafe Reveille,American,Cafe|Brunch,Lower Haight|Mission Bay|Polk Gulch,San Francisco,2,37.7948652,-122.4213815,4.3
Cafe Reveille,American,Cafe|Brunch,Lower Haight|Mission Bay|Polk Gulch,San Francisco,2,37.7735205,-122.3916911,4.3
Akira,Japanese,Lunch/Dinner,Lower Pacific Heights,San Francisco,2,37.7883278,-122.4241861,3.7
Blackwood,American|Thai,Brunch|Lunch/Dinner|Drinks,Marina/Cow Hollow,San Francisco,2,37.8007101,-122.4388058,3.6
Taqueria Cancun,Mexican,Lunch/Dinner|Quick Bites,Mission|Soma|Bernal Heights,San Francisco,1,37.7604861,-122.4194111,3.9
Taqueria Cancun,Mexican,Lunch/Dinner|Quick Bites,Mission|Soma|Bernal Heights,San Francisco,1,37.7819686,-122.410317,3.9
Taqueria Cancun,Mexican,Lunch/Dinner|Quick Bites,Mission|Soma|Bernal Heights,San Francisco,1,37.7453604,-122.4199087,3.9
Rich Table,American,Lunch/Dinner,Hayes Valley,San Francisco,3,37.7748657,-122.4228497,3.7
The Mill,Coffee,Cafe|Brunch,Nopa,San Francisco,2,37.7764861,-122.4378944,3.9
Foreign Cinema,American,Brunch|Lunch/Dinner|Date Night|Drinks,Mission,San Francisco,3,37.7564917,-122.4191194,4.2
Delarosa,Italian,Lunch/Dinner,Yerba Buena|Marina/Cow Hollow,San Francisco,2,37.7858351,-122.404415,3.9
Delarosa,Italian,Lunch/Dinner,Yerba Buena|Marina/Cow Hollow,San Francisco,2,37.8002893,-122.439106,3.9
Stonemill Matcha,Japanese,Cafe|Brunch,Mission,San Francisco,2,37.7639681,-122.4216256,4.2
Bluestone Lane,Australian,Brunch|Cafe,Fidi|Soma|Lower Nob Hill|Union Square,San Francisco,2,37.78781250000000,-122.4029131,3.9
Bluestone Lane,Australian,Brunch|Cafe,Fidi|Soma|Lower Nob Hill|Union Square,San Francisco,2,37.7892025,-122.4098192,3.9
Bluestone Lane,Australian,Brunch|Cafe,Fidi|Soma|Lower Nob Hill|Union Square,San Francisco,2,37.7910068,-122.4012623,3.9
Bluestone Lane,Australian,Brunch|Cafe,Fidi|Soma|Lower Nob Hill|Union Square,San Francisco,2,37.788651,-122.4002881,3.9
Bob's Donut and Pastry Shop,Bakery,Desserts|Quick Bites,Polk Gulch,San Francisco,1,37.7918769,-122.4212009,4.0
Sweet Maple,American,Brunch,Lower Pacific Heights,San Francisco,2,37.78570820000000,-122.4351203,4.0
Surisan,Korean,Brunch|Lunch/Dinner,Fisherman's Wharf,San Francisco,2,37.8067911,-122.417499,3.7
The Coffee Movement,Coffee,Cafe,Chinatown,San Francisco,1,37.7947671,-122.4102942,4.4
Beretta,Italian,Lunch/Dinner|Drinks,Nopa|Mission,San Francisco,2,37.7538556,-122.4206327,4.1
Beretta,Italian,Lunch/Dinner|Drinks,Nopa|Mission,San Francisco,2,37.77574330000000,-122.4382528,4.1
Sasa Japanese Restaurant,Japanese|Sushi,Lunch/Dinner|Date Night,Japantown,San Francisco,3,37.7852831,-122.4293591,4.3
Uji Time Dessert,Japanese,Desserts|Quick Bites,Japantown|Yerba Buena,San Francisco,1,37.7852472,-122.4291833,4.0
Uji Time Dessert,Japanese,Desserts|Quick Bites,Japantown|Yerba Buena,San Francisco,1,37.784291,-122.4035472,4.0
The Madrigal,Bar,Bar|Drinks,Civic Center,San Francisco,2,37.7767256,-122.4192093,3.9
Noosh,Mediterranean,Lunch/Dinner|Brunch|Date Night|Drinks,Lower Pacific Heights,San Francisco,2,37.7880414,-122.4338098,4.0
On the Bridge,Japanese,Lunch/Dinner|Drinks,Japantown,San Francisco,2,37.7850467,-122.4316452,4.0
Jikasei Mensho,Japanese|Ramen,Quick Bites|Lunch/Dinner,Soma,San Francisco,2,37.7763173,-122.4167676,3.8
Good Mong Kok Bakery,Chinese|Dim Sum,Lunch/Dinner|Quick Bites|To Share,Chinatown,San Francisco,1,37.795455,-122.408356,3.7
Dim Sum Bistro,Chinese|Dim Sum,Lunch/Dinner|Quick Bites|To Share,Chinatown,San Francisco,1,37.7975803,-122.4081677,3.7
Miss Saigon,Vietnamese,Lunch/Dinner,Soma,San Francisco,1,37.7807802,-122.408721,4.0
Burma Superstar,Burmese|Southeast Asian,Lunch/Dinner,Inner Richmond,San Francisco,2,37.78281400000000,-122.4625643,4.0
LITTLE SWEET,Tea|Asian,Desserts|Tea|Quick Bites,Inner Richmond|Union Square|Inner Sunset,San Francisco,2,37.7865938,-122.4059587,3.8
LITTLE SWEET,Tea|Asian,Desserts|Tea|Quick Bites,Inner Richmond|Union Square|Inner Sunset,San Francisco,2,37.7649409,-122.46666,3.8
LITTLE SWEET,Tea|Asian,Desserts|Tea|Quick Bites,Inner Richmond|Union Square|Inner Sunset,San Francisco,2,37.7814126,-122.4606499,3.8
Wilder,American|Bar,Bar|Brunch|Drinks|Lunch/Dinner,Marina/Cow Hollow,San Francisco,2,37.79881650000000,-122.4357307,3.7
BAIA,Italian|Vegan,Date Night,Hayes Valley,San Francisco,2,37.7781634,-122.4217955,4.2
State Bird Provisions,American,To Share|Lunch/Dinner,Western Addition,San Francisco,3,37.7836806,-122.4330028,4.3
Kahnfections,Bakery,Brunch|Quick Bites|Cafe,Mission,San Francisco,1,37.7587553,-122.4152538,4.1
Wooden Spoon,American,Brunch,Duboce Triangle,San Francisco,2,37.7666797,-122.4305067,4.0
Alnico,Asian|American,Brunch|Drinks,Mission,San Francisco,2,37.755944,-122.421318,4.2
um.ma,Korean,Lunch/Dinner|Drinks|To Share,Inner Sunset,San Francisco,2,37.7655061,-122.466241,4.3
Lao Table,Southeast Asian|Laotian,Lunch/Dinner|Drinks,Fidi,San Francisco,2,37.7874903,-122.3987098,3.9
Che Fico,Italian,Date Night|Drinks|Lunch/Dinner,Nopa,San Francisco,3,37.7774971,-122.4380182,3.8
Korner Store,Korean|Bar,Bar|Quick Bites|To Share,Mission,San Francisco,1,37.7610855,-122.4217328,4.3
Blondie's Bar,Bar,Bar|Drinks,Mission,San Francisco,2,37.764216,-122.4221214,4.1
Cafe Hana,Tea|Coffee|Japanese,Tea|Quick Bites,Japantown,San Francisco,1,37.7851991,-122.4303062,4.0
Craftsman and Wolves,Bakery,Bakery|Quick Bites|Cafe|Brunch,Mission,San Francisco,2,37.7609056,-122.4216833,4.2
Dancing Yak,Nepalese,Lunch/Dinner|Date Night|Drinks|To Share,Mission,San Francisco,2,37.7685299,-122.4225396,4.0
Arcana,Bar|Wine,Bar|Drinks|Date Night,Mission,San Francisco,2,37.7567338,-122.4192231,4.4
Propagation,Bar,Bar|Drinks,Lower Nob Hill,San Francisco,2,37.7871798,-122.4164241,4.4
Shuggie's,American|Pizza,Lunch/Dinner|Drinks,Mission,San Francisco,3,37.7536884,-122.4195459,4.4
Happy Shabu Shabu,Japanese,To Share,Western Addition,San Francisco,2,37.7824491,-122.4326914,4.0
Automat,American|Bakery,Bakery|Brunch|Lunch/Dinner|Drinks,Nopa,San Francisco,2,37.7772103,-122.4419555,4.3
Mi Familia Taqueria,Mexican,Lunch/Dinner|Quick Bites,Haight-Ashbury,San Francisco,1,37.7693024,-122.451731,4.0
Pizzeria Delfina,Pizza|Italian,Lunch/Dinner|Drinks,Pacific Heights|Mission,San Francisco,2,37.7889721,-122.4343201,3.9
Pizzeria Delfina,Pizza|Italian,Lunch/Dinner|Drinks,Pacific Heights|Mission,San Francisco,2,37.7613671,-122.4243616,3.9
Ocean Beach Cafe,Cafe,Cafe|Brunch|Quick Bites,Outer Richmond,San Francisco,2,37.7745996,-122.5106059,4.0
Moongate Lounge,Bar|Chinese,Bar|Drinks|Date Night,Chinatown,San Francisco,2,37.7937209,-122.4066555,4.5
Bottle Club Pub,Bar,Bar|Drinks,Tenderloin,San Francisco,2,37.7866605,-122.4124094,3.9
Na Ya Dessert Cafe,Asian|Cafe,Desserts|Cafe,Hayes Valley|Inner Richmond,San Francisco,2,37.7806373,-122.4768617,3.9
Na Ya Dessert Cafe,Asian|Cafe,Desserts|Cafe,Hayes Valley|Inner Richmond,San Francisco,2,37.7772306,-122.4248817,3.9
jina bakes,Bakery|Cafe,Bakery|Cafe|Quick Bites,Japantown,San Francisco,2,37.7849195,-122.4318719,4.3
Ragazza,Italian,Lunch/Dinner,Lower Haight,San Francisco,2,37.7724494,-122.4374639,4.0
La Taqueria,Mexican,Lunch/Dinner|Quick Bites,Mission,San Francisco,1,37.75087860000000,-122.4181833,4.4
The Bird,American|Chicken,Lunch/Dinner|Quick Bites,Hayes Valley|Yerba Buena,San Francisco,1,37.7872367,-122.4000993,4.0
The Bird,American|Chicken,Lunch/Dinner|Quick Bites,Hayes Valley|Yerba Buena,San Francisco,1,37.7769577,-122.4232471,4.0
Rise & Grind Coffee,Cafe|Coffee,Cafe,Inner Richmond|Mission,San Francisco,1,37.7737174,-122.4661482,4.3
Rise & Grind Coffee,Cafe|Coffee,Cafe,Inner Richmond|Mission,San Francisco,1,37.7558053,-122.4145989,4.3
Fig & Thistle,Bar|Wine,Bar|Drinks,Hayes Valley,San Francisco,2,37.7772496,-122.4232435,4.3
Dumpling Home,Chinese,Lunch/Dinner,Hayes Valley,San Francisco,2,37.7758205,-122.4226361,4.2
The Beehive,Bar,Bar|Drinks|Date Night,Mission,San Francisco,3,37.7594112,-122.4215672,4.1
Kitchen Story,American,Brunch,The Castro,San Francisco,2,37.7642741,-122.4307241,4.0
Birba,Wine|Bar,Bar|To Share|Date Night,Hayes Valley,San Francisco,2,37.7778352,-122.4242241,4.3
Taqueria El Buen Sabor,Mexican,Lunch/Dinner,Mission,San Francisco,1,37.7618446,-122.4214453,3.9
Horsefeather,American,Bar|Lunch/Dinner|Brunch|Drinks,Nopa,San Francisco,2,37.7744924,-122.4375151,4.0
The Tailor's Son,Italian,Lunch/Dinner|Bar|Drinks,Lower Pacific Heights,San Francisco,2,37.7886107,-122.4340502,4.4
Troya,Mediterranean|Turkish,Lunch/Dinner|Brunch|Date Night|Desserts|To Share,Pacific Heights,San Francisco,2,37.7893985,-122.4341527,4.0
Chili House,Chinese,Lunch/Dinner|To Share,Inner Richmond,San Francisco,2,37.7829921,-122.4671175,4.3
Cold Drinks Bar,Bar,Bar|Drinks|Date Night,North Beach,San Francisco,3,37.7979472,-122.4077917,4.4
Madrone Art Bar,Bar,Bar|Drinks,Nopa,San Francisco,2,37.7741911,-122.4374556,3.8
The New Spot on Polk,American,Brunch|Lunch/Dinner|Drinks,Russian Hill,San Francisco,2,37.7989333,-122.4225306,3.9
Saint Frank Coffee,Coffee,Cafe,Polk Gulch,San Francisco,2,37.7984797,-122.4220775,4.0
ROOH,Indian,Lunch/Dinner|To Share|Date Night|Drinks,South Beach,San Francisco,3,37.7811657,-122.3925262,4.3
Kantine,Scandinavian,Brunch|Cafe,Duboce Triangle,San Francisco,2,37.7705108,-122.4254828,4.1
Hazie's,Bar|American,Bar|Drinks|Lunch/Dinner,Hayes Valley,San Francisco,2,37.7763838,-122.4247376,3.8
R & G Lounge,Chinese,Drinks|Lunch/Dinner|To Share,Chinatown,San Francisco,2,37.794097,-122.4048745,4.1
Breadbelly,Asian|Bakery|Cafe,Cafe|Quick Bites|Desserts,Inner Richmond,San Francisco,2,37.7826278,-122.4743735,4.2
Loquat,Bakery|Cafe|Jewish,Cafe|Drinks|Desserts|Quick Bites,Hayes Valley,San Francisco,2,37.7749343,-122.4223706,4.1
Palette Tea House,Dim Sum|Chinese,To Share|Brunch,Fort Mason,San Francisco,3,37.8059811,-122.4229458,4.4
Fondue Chinoise,Chinese,To Share|Lunch/Dinner,North Beach,San Francisco,2,37.7982845,-122.4044537,4.0
Slice House Haight,Italian|Pizza,Quick Bites,Haight-Ashbury,San Francisco,2,37.7698335,-122.4475637,4.0
Khob Khun Thai,Thai,Brunch|Lunch/Dinner,Inner Richmond,San Francisco,2,37.7809632,-122.459617,4.0
Han Il Kwan,Korean,Lunch/Dinner|To Share|Drinks,Outer Richmond,San Francisco,2,37.7767113,-122.4782853,3.9
ZERO&,Tea|Bakery,Cafe|Quick Bites|Tea,Hayes Valley|Yerba Buena,San Francisco,1,37.776691,-122.423638,4.0
ZERO&,Tea|Bakery,Cafe|Quick Bites|Tea,Hayes Valley|Yerba Buena,San Francisco,1,37.7839767,-122.4054904,4.0
Taqueria Cazadores,Mexican,Quick Bites|Lunch/Dinner,Soma,San Francisco,1,37.7727806,-122.4188524,4.0
Itria,Italian,Lunch/Dinner|Drinks|Date Night,Mission,San Francisco,3,37.7524495,-122.417833,4.6
Yuanbao Jiaozi,Chinese,Quick Bites|Lunch/Dinner,Outer Sunset,San Francisco,1,37.7635395,-122.4807449,4.3
Chong Qing Xiao Mian,Chinese,Noodles|Lunch/Dinner,Chinatown,San Francisco,1,37.7964254,-122.4053439,4
Jaranita SF,Peruvian|Latin American,Lunch/Dinner|Drinks|Brunch,Marina/Cow Hollow,San Francisco,2,37.80024120000000,-122.4375457,4.3
Tartine Inner Sunset,Bakery|Cafe,Brunch|Cafe|Quick Bites,Inner Sunset,San Francisco,2,37.7653523,-122.4662942,4.2
Le Marais Bakery,French|Bakery|Cafe,Cafe|Brunch,Lower Nob Hill|Castro,San Francisco,2,37.7880597,-122.4192118,4
Le Marais Bakery,French|Bakery|Cafe,Cafe|Brunch,Lower Nob Hill|Castro,San Francisco,2,37.7612552,-122.43076,4
Pineapple King Bakery,Chinese|Bakery,Quick Bites,Outer Sunset,San Francisco,1,37.7633914,-122.4784707,4.7
San Tung,Chinese,Lunch/Dinner,Inner Sunset,San Francisco,2,37.7637858,-122.4690045,4
Great Eastern,Chinese|Dim Sum,To Share|Lunch/Dinner,Chinatown,San Francisco,2,37.7960366,-122.4059531,3.9
Pica Pica Arepa Kitchen,Venezuelan,Quick Bites|Lunch/Dinner,Mission,San Francisco,2,37.7664592,-122.4219016,4
Four Barrel Coffee,Coffee,Cafe,Mission,San Francisco,2,37.767021,-122.4219573,4.1
Ariscault Bakery,Bakery,Quick Bites,Inner Richmond|Civic Center,San Francisco,2,37.7834259,-122.4593062,4.2
Ariscault Bakery,Bakery,Quick Bites,Inner Richmond|Civic Center,San Francisco,2,37.7808806,-122.4134256,4.2
KAGAWA-YA UDON,Japanese|Udon,Noodles|Lunch/Dinner,Civic Center,San Francisco,2,37.7757569,-122.4181092,4
Trade Routes,Bar,Bar|Drinks,Polk Gulch,San Francisco,2,37.7930423,-122.4210628,4.1
Members Only,Bar,Bar|Lunch/Dinner,Lower Nob Hill,San Francisco,2,37.7873051,-122.4182117,4.3
Heist,American,Brunch,Lower Nob Hill,San Francisco,2,37.7878464,-122.412987,4
Hed Verythai,Thai,Lunch/Dinner,Union Square,San Francisco,2,37.790406,-122.4034643,3.8
Hinodeya,Japanese|Ramen,Lunch/Dinner,Chinatown|Union Square|Japantown,San Francisco,2,37.7945962,-122.404461,4
Hinodeya,Japanese|Ramen,Lunch/Dinner,Chinatown|Union Square|Japantown,San Francisco,2,37.7862424,-122.430058,4
Hinodeya,Japanese|Ramen,Lunch/Dinner,Chinatown|Union Square|Japantown,San Francisco,2,37.7862741,-122.4085169,4
Fort Point,Brewery,Drinks,Mission|Embarcadero,San Francisco,2,37.7609652,-122.4235695,4
Fort Point,Brewery,Drinks,Mission|Embarcadero,San Francisco,2,37.7955872,-122.3944197,4
La Oaxaqueña,Mexican,Lunch/Dinner,Mission,San Francisco,1,37.7629157,-122.4197557,4.3
Arbor,American,Lunch/Dinner|Brunch,Hayes Valley,San Francisco,2,37.7771087,-122.4226547,4
Back to Back,Wine,Lunch/Dinner|Drinks|Date Night,Nob Hill,San Francisco,2,37.7941628,-122.4132647,4.9
Loló,Mexican,Dinner|Drinks,Mission,San Francisco,2,37.7573807,-122.4213345,4
Good Good Culture Club,Asian,Dinner,Mission,San Francisco,3,37.7618143,-122.4229679,4.4
Marigold Cafe,Coffee,Cafe,Mission,San Francisco,1,37.7574875,-122.4085181,4.3
Rintaro,Japanese,Drinks|Dinner,Mission,San Francisco,3,37.768875,-122.4151361,4.4
Sextant Coffee Roasters,Coffee,Cafe,Soma,San Francisco,2,37.7724648,-122.412957,4.5
Lucinda's Deli & More,Sandwiches,Quick Bites,Alamo Square,San Francisco,2,37.7747974,-122.4362104,4.4
Fable,American,Lunch/Dinner|Brunch|Drinks|Date Night,Castro,San Francisco,2,37.7599538,-122.4351122,4.3
Dalva,Bar,Bar|Drinks,Mission,San Francisco,2,37.7647725,-122.4224923,4.3
Bar Part Time,Bar|Wine,Bar|Drinks,Mission,San Francisco,2,37.7681234,-122.4241805,4.6
Primavera,Mexican,Brunch|Quick Bites,Embarcadero,San Francisco,2,37.7956928,-122.392368,4.5
Anina,Bar,Bar|Drinks,Hayes Valley,San Francisco,2,37.77691720000000,-122.4243476,4.3
Rad Radish,Vegan,Lunch/Dinner|Brunch,Hayes Valley,San Francisco,2,37.7769287,-122.4215742,4.1
Bodega SF,Vietnamese,Lunch/Dinner,Union Square,San Francisco,2,37.7848262,-122.4093022,4.4
Ilcha,Korean,Dinner|Drinks|To Share,Marina/Cow Hollow,San Francisco,2,37.7995055,-122.4368309,4.3
Farley's Coffeehouse,Coffee,Cafe,Potrero Hill,San Francisco,1,37.76253320000000,-122.3960045,4
Plow,American,Brunch,Potrero Hill,San Francisco,2,37.762565,-122.395405,4.2
Abacá,Filipino,Brunch|Lunch/Dinner|Drinks|Date Night,Fisherman's Wharf,San Francisco,3,37.80673670000000,-122.4169367,4.6
Linden & Laguna,Wine,Bar|Dinner,Hayes Valley,San Francisco,2,37.77598450000000,-122.4260068,4
Hook Fish Co,Seafood,Lunch/Dinner|Quick Bites,Outer Sunset,San Francisco,2,37.7623799,-122.5068746,4.3
Eight Tables by George Chen,Chinese,Dinner|Drinks|Date Night,North Beach,San Francisco,4,37.7979431,-122.4078445,4.3
Turtle Tower,Vietnamese,Lunch/Dinner,Soma,San Francisco,1,37.7760817,-122.4022914,4
Beit Rima,Middle Eastern,Lunch/Dinner,Duboce Triangle|Cole Valley,San Francisco,2,37.7687195,-122.429274,4.2
Beit Rima,Middle Eastern,Lunch/Dinner,Duboce Triangle|Cole Valley,San Francisco,2,37.7659418,-122.4496866,4.2
Nari,Thai,Dinner|Date Night,Japantown,San Francisco,3,37.7855302,-122.4287969,4.6
Schlok's,Bagels,Quick Bites,Nopa,San Francisco,2,37.7738376,-122.4386874,3.8
20 Spot,Wine,Dinner|Drinks|Date Night,Mission,San Francisco,3,37.7584668,-122.4204123,4.5
Wildhawk,Bar,Bar|Drinks,Mission,San Francisco,2,37.7602833,-122.4207958,4.7
The Laundromat SF,Bagels|Pizza,Lunch/Dinner|Quick Bites|Drinks|Brunch,Outer Richmond,San Francisco,2,37.7755216,-122.498904,4.4
Mothership,Bar,Bar|Drinks,Mission,San Francisco,2,37.7469249,-122.419351,4.6
Devil's Teeth Baking Company,Cafe,Cafe|Brunch|Quick Bites,Outer Richmond|Outer Sunset,San Francisco,2,37.7531472,-122.5050278,4
Devil's Teeth Baking Company,Cafe,Cafe|Brunch|Quick Bites,Outer Richmond|Outer Sunset,San Francisco,2,37.7755224,-122.4977012,4
Sizzling Pot King,Chinese,Lunch/Dinner,Soma,San Francisco,2,37.7771586,-122.4126183,4.8
Beloved Cafe,Cafe|American,Brunch|Cafe|Juice,Mission,San Francisco,2,37.7522986,-122.4192935,4
Arizmendi Bakery,Bakery|Pizza,Quick Bites,Mission|Inner Sunset,San Francisco,2,37.7634047,-122.466442,4.5
Arizmendi Bakery,Bakery|Pizza,Quick Bites,Mission|Inner Sunset,San Francisco,2,37.7526428,-122.4211414,4.5
Breakfast Little,Cafe|Mexican,Brunch,Mission,San Francisco,2,37.7552508,-122.4203886,4.6
Copra,Indian,Date Night|Dinner|To Share|Drinks,Japantown,San Francisco,3,37.7853703,-122.4327894,4.8
Teakwood,Burmese,Dinner|Drinks|Date Night,Hayes Valley,San Francisco,2,37.7777216,-122.42299,4.4
Bansang,Korean,Date Night|Dinner|Drinks|To Share,Japantown,San Francisco,3,37.7840967,-122.4326346,4.2
District Tea,Tea|Japanese,Tea|Quick Bites|Lunch/Dinner,Mission,San Francisco,2,37.7625129,-122.4196039,4.5
buddy,Bar,Bar|Date Night|Drinks|Dinner,Mission,San Francisco,2,37.7554493,-122.4171118,4.5
Chome,Japanese,Dinner|Date Night|Drinks,Mission,San Francisco,2,37.7620526,-122.4191961,4.7
Nakama Sushi,Sushi|Japanese,Dinner|Drinks,Hayes Valley,San Francisco,2,37.7748092,-122.4210409,4.5
Dolores Park Cafe,American,Cafe|Brunch|Quick Bites,Mission,San Francisco,2,37.76133860000000,-122.4257977,4
Piglet & Co,Asian|Taiwanese,Lunch/Dinner|Brunch|To Share,Mission,San Francisco,2,37.7623247,-122.419593,4.5
Panchita's Pupusería & Restaurant,Salvadoran,Quick Bites|Lunch/Dinner,Mission,San Francisco,1,37.7648254,-122.4216446,4.4
Ramenwell,Ramen|Japanese,Noodles|Lunch/Dinner,Mission,San Francisco,2,37.7619694,-122.4188712,4.4
Fiorella,Italian|Pizza,Dinner|Date Night|Drinks,Inner Sunset|Outer Richmond|Polk Gulch,San Francisco,2,37.7819242,-122.4845393,4.6
Fiorella,Italian|Pizza,Dinner|Date Night|Drinks,Inner Sunset|Outer Richmond|Polk Gulch,San Francisco,2,37.79746860000000,-122.421967,4.6
Fiorella,Italian|Pizza,Dinner|Date Night|Drinks,Inner Sunset|Outer Richmond|Polk Gulch,San Francisco,2,37.7651741,-122.4662745,4.6
Bouchon Bakery,Bakery,Quick Bites,,Yountville,2,38.4024339,-122.3617839,4.8
ARIARI,Korean,Dinner|Drinks|To Share,East Village,New York City,2,40.7272708,-73.9858313,4.8
Violet's,American,Dinner|Drinks,Central Richmond,San Francisco,2,37.7818401,-122.48393940000000,3.6
Harborview Restaurant & Bar,Chicken|Dim Sum,Lunch/Dinner|To Share,Embarcadero,San Francisco,2,37.7949371,-122.39570610000000,3.9
RT Rotisserie,American|Chicken,Lunch/Dinner,Hayes Valley,San Francisco,2,37.773096700000000,-122.4389433,4.0
Bellota,Spanish,Dinner|Drinks|To Share,Soma,San Francisco,3,37.7719769,-122.40504790000000,3.5
Santeria,Mexican,Brunch|Drinks|Lunch/Dinner,Castro,San Francisco,2,37.7649189,-122.43188370000000,4.0
Sisterita,American,Brunch,Chinatown,San Francisco,2,37.7940038,-122.40419300000000,3.6
Izakaya MEW,Japanese,Drinks|Lunch/Dinner|To Share,Koreatown,New York City,2,40.7501561,-73.98625420000000,4.8
Dim Sum Sam,Chinese|Dim Sum,Lunch/Dinner|Quick Bites,Flatiron|Midtown,New York City,2,40.740559,-73.98780580000000,3.5
Dim Sum Sam,Chinese|Dim Sum,Lunch/Dinner|Quick Bites,Flatiron|Midtown,New York City,2,40.7552667,-73.98958210000000,3.5
Seoul Salon,Korean,Dinner|Drinks|To Share,Koreatown,New York City,2,40.7483116,-73.98662440000000,4.4
Jongro BBQ,Korean,Drinks|Lunch/Dinner|To Share,Koreatown,New York City,2,40.7475891,-73.986913,4.2
Kaoru,Japanese|Sushi,Lunch/Dinner,Midtown East,New York City,2,40.752021,-73.9699042,4.1
Cho Dang Gol,Korean,Lunch/Dinner,Koreatown,New York City,2,40.7502469,-73.986246,4.8
Lavash,Persian,Date Night|Lunch/Dinner|To Share,Inner Sunset,San Francisco,2,37.764033400000000,-122.4634545,4.4
Outerlands,American,Brunch|Dinner|Drinks,Outer Sunset,San Francisco,2,37.7602689,-122.50503110000000,4.4
Dumpling Story,Chinese|Dim Sum,Lunch/Dinner|To Share,Pacific Heights,San Francisco,2,37.7893075,-122.4337137,4.4
The Snug,Bar,Bar|Dinner|Drinks,Pacific Heights,San Francisco,2,37.790838100000000,-122.43439630000000,4.0
little shucker,Bar|Seafood,Drinks|To Share,Pacific Heights,San Francisco,2,37.7882506,-122.43353240000000,4.0
Octavia,American,Dinner|To Share,Lower Pacific Heights,San Francisco,4,37.7879648,-122.42710640000000,3.5
Funky Elephant,Thai,Dinner|Drinks,Mission|Berkeley,San Francisco,2,37.7525071,-122.4210213,4.0
Funky Elephant,Thai,Dinner|Drinks,Mission|Berkeley,San Francisco,2,37.8795277,-122.29770500000000,4.0
Key Klub,American,Dinner|Drinks,Lower Nob Hill,San Francisco,2,37.7900163,-122.4113662,4.1
Andytown Coffee Roasters,Cafe|Coffee,Cafe,Outer Richmond|Outer Sunset|Soma,San Francisco,2,37.7566712,-122.50231470000000,4.3
Andytown Coffee Roasters,Cafe|Coffee,Cafe,Outer Richmond|Outer Sunset|Soma,San Francisco,2,37.789742600000000,-122.3953098,4.3
Andytown Coffee Roasters,Cafe|Coffee,Cafe,Outer Richmond|Outer Sunset|Soma,San Francisco,2,37.772769,-122.5106982,4.3
Andytown Coffee Roasters,Cafe|Coffee,Cafe,Outer Richmond|Outer Sunset|Soma,San Francisco,2,37.7414594,-122.5052277,4.3
Cafe Da Fonk!,Cafe,Brunch|Cafe,Design District,San Francisco,2,37.7657768,-122.40208300000000,3.6
Mamahuhu,American|Chinese,Lunch/Dinner,Inner Richmond|Noe Valley|Mill Valley,San Francisco,2,37.7826936,-122.4647805,4.0
Mamahuhu,American|Chinese,Lunch/Dinner,Inner Richmond|Noe Valley|Mill Valley,San Francisco,2,37.751319700000000,-122.4315852,4.0
Mamahuhu,American|Chinese,Lunch/Dinner,Inner Richmond|Noe Valley|Mill Valley,San Francisco,2,37.9052952,-122.5494049,4.0
NONO,Japanese,To Share,Japantown,San Francisco,2,37.7856859,-122.43290330000000,4.0
Yokai,Japanese,Date Night|Dinner|Drinks|To Share,Soma,San Francisco,3,37.7887962,-122.39845550000000,4.4
Lou's Cafe,Sandwiches,Quick Bites,Fidi|Inner Richmond|Outer Sunset,San Francisco,2,37.7804028,-122.47329170000000,4.3
Lou's Cafe,Sandwiches,Quick Bites,Fidi|Inner Richmond|Outer Sunset,San Francisco,2,37.7429869,-122.4824415,4.3
Lou's Cafe,Sandwiches,Quick Bites,Fidi|Inner Richmond|Outer Sunset,San Francisco,2,37.7927186,-122.3990642,4.3
Winston's Cafe & Bakery,American|Cafe,Brunch|Cafe,,Napa,2,38.2954392,-122.2887236,4.0
Kin Khao,Thai,Drinks|Lunch/Dinner|To Share,Union Square,San Francisco,3,37.7852408,-122.409331,4.4
Pearl 6101,Italian|Mediterranean,Date Night|Dinner|Drinks,Central Richmond,San Francisco,3,37.7838487,-122.48302540000000,4.5
Four Chairs,American,Brunch|Cafe,Bernal Heights,San Francisco,2,37.7444458,-122.4210036,4.4
Palm City,American|Wine,Bar|Dinner|Drinks,Outer Sunset,San Francisco,2,37.7623709,-122.5016052,4.0
KAVA Neo-Taverna,Greek,Dinner|Brunch|Drinks|Date Night,South End,Boston,3,42.342357199999995,-71.0705134,4.7
Sulmona,Italian,Brunch|Date Night|Dinner|Drinks,The Port,Cambridge,3,42.362865199999995,-71.093845,4.6
Committee,Mediterranean,Brunch|Date Night|Drinks|Lunch/Dinner,D Street / West Broadway,Boston,3,42.353374699999996,-71.0463729,4.5
Hei La Moon,Chinese|Dim Sum,Lunch/Dinner|To Share,Chinatown,Boston,1,42.3523984,-71.0602081,4.5
Destoyer,Scandinavian,Brunch|Lunch,Hayden Tract,Culver City,2,34.0246417,-118.3813241,4.3
Sun Nong Dan,Korean,Lunch/Dinner|Late Night|To Share,Koreatown,Los Angeles,2,34.062999999999995,-118.2974836,4.7
Sun Nong Dan,Korean,Lunch/Dinner|Late Night|To Share,Koreatown,Los Angeles,2,34.0592615,-118.30879639999998,4.7
Sun Nong Dan,Korean,Lunch/Dinner|Late Night|To Share,,San Gabriel,2,34.1042749,-118.08758789999999,4.7
Sun Nong Dan,Korean,Lunch/Dinner|Late Night|To Share,,Rowland Heights,2,33.9947321,-117.88982530000001,4.7
The Little Door,Mediterranean,Dinner|Drinks|Date Night,Central LA,Los Angeles,4,34.0720931,-118.3675088,4.6
Driftwood Kitchen,Seafood,Lunch/Dinner|Date Night|Brunch,,Laguna Beach,3,33.5386199,-117.7811223,4.2
Tsujita La Artisan Noodles,Japanese,Noodles|Lunch/Dinner,Sawtelle,Los Angeles,1,34.03957,-118.44267669999999,4.2
Eggslut,American,Brunch,Central LA,Los Angeles,2,34.0736568,-118.377654,4.4
Eggslut,American,Brunch,Downtown Los Angeles,Los Angeles,2,34.050588499999996,-118.2486089,4.4
Eggslut,American,Brunch,Venice,Los Angeles,2,33.9873748,-118.4722263,4.4
Eggslut,American,Brunch,Downtown,Glendale,2,34.1428905,-118.25451629999999,4.4
Gjusta,Bakery,Quick Bites,Venice,Los Angeles,2,33.9953156,-118.4745672,4.5
Gjelina,American,Lunch/Dinner|Brunch,Venice,Los Angeles,3,33.990497,-118.4649651,4.0
Bottega Louie,Italian,Lunch/Dinner|Desserts|Brunch,Central LA,West Hollywood,3,34.0839229,-118.3849828,4.2
Bottega Louie,Italian,Lunch/Dinner|Desserts|Brunch,Downtown Los Angeles,Los Angeles,3,34.0470524,-118.2565439,4.2
La Isla Bonita,Mexican,Quick Bites,Oakwood,Los Angeles,1,33.997529899999996,-118.47487090000001,4.4
TANAKAYA Japanese Soba Restaurant,Japanese,Noodles|Lunch/Dinner,,Tustin,2,33.7388182,-117.82496729999998,4.0
Chosun Galbee,Korean,Lunch/Dinner|To Share,Central LA,Los Angeles,3,34.052429499999995,-118.31046800000001,4.6
Pranzi,Italian,Drinks|Lunch/Dinner,,San Carlos,2,37.504306899999996,-122.25835859999998,4.0
Mifen101 花溪王,Chinese,Lunch/Dinner|Noodles,Old Mountain View,Mountain View,2,37.393890400000004,-122.079508,4.2
Apollo Bagels,Bagels,Quick Bites,East Village,New York,1,40.728754699999996,-73.9847935,4.7
Not As Bitter,Coffee,Cafe,East Village,New York,2,40.7290407,-73.9848189,4.5
Ernesto's,Spanish,Date Night|Drinks|To Share,Lower East Side,New York,3,40.7142731,-73.9854371,3.8
Temple Bar,Bar,Bar|Drinks,Noho,New York,2,40.725892099999996,-73.9949405,4.5
Ba Xuyên,Vietnamese,Quick Bites,Sunset Park,New York,1,40.6452895,-73.99967529999999,4.0
87 Ludlow,Filipino|Spanish,Dinner|Drinks|To Share,Lower East Side,New York,2,40.718382399999996,-73.98955169999999,4.5
Librae Bakery,Bakery,Cafe|Lunch/Dinner|Quick Bites,East Village,New York,2,40.728118599999995,-73.99075239999999,4.5
Cafe Lyria,Coffee,Cafe,Noho,New York,2,40.725846,-73.995426,4.2
Double Chicken Please,American|Bar,Bar|Date Night|Drinks,Lower East Side,New York,2,40.719592,-73.9904612,4.9
Mama's Too,Pizza,Quick Bites,Greenwich Village|Upper East Side,New York,1,40.8008324,-73.9675901,4.2
Mama's Too,Pizza,Quick Bites,Greenwich Village|Upper East Side,New York,1,40.7332014,-74.0044763,4.2
Do Not Feed Alligators,Bar|Coffee,Bar|Cafe|Drinks,Greenwich Village,New York,2,40.7336939,-74.0042366,4.5
Sappe,Thai,Drinks|Lunch/Dinner,Greenwich Village,New York,2,40.739140299999995,-74.0018035,4.7
Atelier Jolie,Coffee,Cafe,Noho,New York,2,40.7264011,-73.9923575,4.3
Gnocchi on 9th,Italian,Lunch/Dinner|Quick Bites,East Village,New York,2,40.7289606,-73.9863386,4.0